-- phpMyAdmin SQL Dump
-- version 4.7.7
-- https://www.phpmyadmin.net/
--
-- Host: 127.0.0.1
-- Generation Time: Mar 22, 2018 at 05:59 PM
-- Server version: 10.1.30-MariaDB
-- PHP Version: 7.2.2

SET SQL_MODE = "NO_AUTO_VALUE_ON_ZERO";
SET AUTOCOMMIT = 0;
START TRANSACTION;
SET time_zone = "+00:00";


/*!40101 SET @OLD_CHARACTER_SET_CLIENT=@@CHARACTER_SET_CLIENT */;
/*!40101 SET @OLD_CHARACTER_SET_RESULTS=@@CHARACTER_SET_RESULTS */;
/*!40101 SET @OLD_COLLATION_CONNECTION=@@COLLATION_CONNECTION */;
/*!40101 SET NAMES utf8mb4 */;

--
-- Database: `sigumi`
--

-- --------------------------------------------------------

--
-- Table structure for table `admin`
--

CREATE TABLE `admin` (
  `id_admin` int(11) NOT NULL,
  `email` varchar(40) COLLATE utf8_bin NOT NULL,
  `password` varchar(40) COLLATE utf8_bin NOT NULL
) ENGINE=InnoDB DEFAULT CHARSET=utf8 COLLATE=utf8_bin;

--
-- Dumping data for table `admin`
--

INSERT INTO `admin` (`id_admin`, `email`, `password`) VALUES
(1, 'admin@travel.com', '21232f297a57a5a743894a0e4a801fc3');

-- --------------------------------------------------------

--
-- Table structure for table `paket`
--

CREATE TABLE `paket` (
  `id_paket` int(11) NOT NULL,
  `nama_paket` varchar(10) COLLATE utf8_bin NOT NULL,
  `harga` varchar(8) COLLATE utf8_bin NOT NULL,
  `hari` char(6) COLLATE utf8_bin NOT NULL,
  `detail_tujuan` text COLLATE utf8_bin NOT NULL,
  `hotel_bintang` char(1) COLLATE utf8_bin NOT NULL,
  `fasilitas` text COLLATE utf8_bin NOT NULL,
  `jumlah_orang` varchar(12) COLLATE utf8_bin NOT NULL
) ENGINE=InnoDB DEFAULT CHARSET=utf8 COLLATE=utf8_bin;

--
-- Dumping data for table `paket`
--

INSERT INTO `paket` (`id_paket`, `nama_paket`, `harga`, `hari`, `detail_tujuan`, `hotel_bintang`, `fasilitas`, `jumlah_orang`) VALUES
(1, 'Paket 1', '2047000', '3 hari', 'Day 1 : airport-desa tenun sukarara - desa tradisional sade - pantai kuta lombok - pantai tanjung an - bukit merese - pantai mawun\r\nDay 2 : bukit setangi (vila hantu) - bukit malimbu  bukit malaka - gili trawangan, meno dan air (snorkeling) - monkey forrest pusuk\r\nDay 3 : pusat oleh-oleh Lombok- islamic centre mataram - pura lingsar - taman narmada - desa gerabah banyumulek - airport', '2', '- mobil + driver + bbm\r\n- hotel + sarapan\r\n- makan siang & malam\r\n- air mineral selama tour\r\n- lokal guide\r\n- private speed boat\r\n- private glass bottom trip 3 gili\r\n- peralatan snorkeling & life jacket', '2 s/d 3'),
(2, 'Paket 2', '2224000', '3 hari', 'Day 1 : airport-desa tenun sukarara - desa tradisional sade - pantai kuta lombok - pantai tanjung an - bukit merese - pantai mawun\r\nDay 2 : bukit setangi (vila hantu) - bukit malimbu  bukit malaka - gili trawangan, meno dan air (snorkeling) - monkey forrest pusuk\r\nDay 3 : pusat oleh-oleh Lombok- islamic centre mataram - pura lingsar - taman narmada - desa gerabah banyumulek - airport', '3', '- mobil + driver + bbm\r\n- hotel + sarapan\r\n- makan siang & malam\r\n- air mineral selama tour\r\n- lokal guide\r\n- private speed boat\r\n- private glass bottom trip 3 gili\r\n- peralatan snorkeling & life jacket', '2 s/d 3'),
(3, 'Paket 3', '2426000', '3 hari', 'Day 1 : airport-desa tenun sukarara - desa tradisional sade - pantai kuta lombok - pantai tanjung an - bukit merese - pantai mawun\r\nDay 2 : bukit setangi (vila hantu) - bukit malimbu  bukit malaka - gili trawangan, meno dan air (snorkeling) - monkey forrest pusuk\r\nDay 3 : pusat oleh-oleh Lombok- islamic centre mataram - pura lingsar - taman narmada - desa gerabah banyumulek - airport', '4', '- mobil + driver + bbm\r\n- hotel + sarapan\r\n- makan siang & malam\r\n- air mineral selama tour\r\n- lokal guide\r\n- private speed boat\r\n- private glass bottom trip 3 gili\r\n- peralatan snorkeling & life jacket', '2 s/d 3'),
(4, 'Paket 4', '3035000', '3 hari', 'Day 1 : airport-desa tenun sukarara - desa tradisional sade - pantai kuta lombok - pantai tanjung an - bukit merese - pantai mawun\r\nDay 2 : bukit setangi (vila hantu) - bukit malimbu  bukit malaka - gili trawangan, meno dan air (snorkeling) - monkey forrest pusuk\r\nDay 3 : pusat oleh-oleh Lombok- islamic centre mataram - pura lingsar - taman narmada - desa gerabah banyumulek - airport', '5', '- mobil + driver + bbm\r\n- hotel + sarapan\r\n- makan siang & malam\r\n- air mineral selama tour\r\n- lokal guide\r\n- private speed boat\r\n- private glass bottom trip 3 gili\r\n- peralatan snorkeling & life jacket', '2 s/d 3'),
(5, 'Paket 5', '1442000', '3 hari', 'Day 1 : airport-desa tenun sukarara - desa tradisional sade - pantai kuta lombok - pantai tanjung an - bukit merese - pantai mawun\r\nDay 2 : bukit setangi (vila hantu) - bukit malimbu  bukit malaka - gili trawangan, meno dan air (snorkeling) - monkey forrest pusuk\r\nDay 3 : pusat oleh-oleh Lombok- islamic centre mataram - pura lingsar - taman narmada - desa gerabah banyumulek - airport', '2', '- mobil + driver + bbm\r\n- hotel + sarapan\r\n- makan siang & malam\r\n- air mineral selama tour\r\n- lokal guide\r\n- private speed boat\r\n- private glass bottom trip 3 gili\r\n- peralatan snorkeling & life jacket', '4 s/d 5'),
(6, 'Paket 6', '1626000', '3 hari', 'Day 1 : airport - desa tenun sukarara - desa tradisioanal sade - pantai kuta Lombok - pantai tanjung an - bukit merese - pantai mawun\r\nDay 2 : bukit setangi (vila hantu) - bukit malimbu - bukit malaka - gili trawangan, meno dan air - monkey forrest pusuk\r\nDay 3 : pusat oleh-oleh Lombok - islamic centre mataram - pura lingsar taman narmada - desa gerabah banyumulek - airport', '3', '- mobil + driver + bbm\r\n- hotel + sarapan\r\n- makan siang & malam\r\n- air mineral selama tour\r\n- lokal guide\r\n- private speed boat\r\n- private glass bottom trip 3 gili\r\n- peralatan snorkeling & life jacket', '4 s/d 5'),
(7, 'Paket 7', '1823000', '3 Hari', 'Day 1 : airport - desa tenun sukarara - desa tradisioanal sade - pantai kuta Lombok - pantai tanjung an - bukit merese - pantai mawun\r\nDay 2 : bukit setangi (vila hantu) - bukit malimbu - bukit malaka - gili trawangan, meno dan air - monkey forrest pusuk\r\nDay 3 : pusat oleh-oleh Lombok - islamic centre mataram - pura lingsar taman narmada - desa gerabah banyumulek - airport', '4', '- mobil + driver + bbm\r\n- hotel + sarapan\r\n- makan siang & malam\r\n- air mineral selama tour\r\n- lokal guide\r\n- private speed boat\r\n- private glass bottom trip 3 gili\r\n- peralatan snorkeling & life jacket', '4 s/d 5'),
(8, 'Paket 8', '2438000', '3 hari', 'Day 1 : airport - desa tenun sukarara - desa tradisioanal sade - pantai kuta Lombok - pantai tanjung an - bukit merese - pantai mawun\r\nDay 2 : bukit setangi (vila hantu) - bukit malimbu - bukit malaka - gili trawangan, meno dan air - monkey forrest pusuk\r\nDay 3 : pusat oleh-oleh Lombok - islamic centre mataram - pura lingsar taman narmada - desa gerabah banyumulek - airport', '5', '- mobil + driver + bbm\r\n- hotel + sarapan\r\n- makan siang & malam\r\n- air mineral selama tour\r\n- lokal guide\r\n- private speed boat\r\n- private glass bottom trip 3 gili\r\n- peralatan snorkeling & life jacket', '4 s/d 5'),
(9, 'Paket 9', '1230000', '3 hari', 'Day 1 : airport - desa tenun sukarara - desa tradisioanal sade - pantai kuta Lombok - pantai tanjung an - bukit merese - pantai mawun\r\nDay 2 : bukit setangi (vila hantu) - bukit malimbu - bukit malaka - gili trawangan, meno dan air - monkey forrest pusuk\r\nDay 3 : pusat oleh-oleh Lombok - islamic centre mataram - pura lingsar taman narmada - desa gerabah banyumulek - airport', '2', '- mobil + driver + bbm\r\n- hotel + sarapan\r\n- makan siang & malam\r\n- air mineral selama tour\r\n- lokal guide\r\n- private speed boat\r\n- private glass bottom trip 3 gili\r\n- peralatan snorkeling & life jacket', '6 s/d 10'),
(10, 'Paket 10 ', '1410000', '3 hari', 'Day 1 : airport - desa tenun sukarara - desa tradisioanal sade - pantai kuta Lombok - pantai tanjung an - bukit merese - pantai mawun\r\nDay 2 : bukit setangi (vila hantu) - bukit malimbu - bukit malaka - gili trawangan, meno dan air - monkey forrest pusuk\r\nDay 3 : pusat oleh-oleh Lombok - islamic centre mataram - pura lingsar taman narmada - desa gerabah banyumulek - airport', '3', '- mobil + driver + bbm\r\n- hotel + sarapan\r\n- makan siang & malam\r\n- air mineral selama tour\r\n- lokal guide\r\n- private speed boat\r\n- private glass bottom trip 3 gili\r\n- peralatan snorkeling & life jacket', '6 s/d 10'),
(11, 'Paket 11', '1612000', '3 hari', 'Day 1 : airport - desa tenun sukarara - desa tradisioanal sade - pantai kuta Lombok - pantai tanjung an - bukit merese - pantai mawun\r\nDay 2 : bukit setangi (vila hantu) - bukit malimbu - bukit malaka - gili trawangan, meno dan air - monkey forrest pusuk\r\nDay 3 : pusat oleh-oleh Lombok - islamic centre mataram - pura lingsar taman narmada - desa gerabah banyumulek - airport', '4', '- mobil + driver + bbm\r\n- hotel + sarapan\r\n- makan siang & malam\r\n- air mineral selama tour\r\n- lokal guide\r\n- private speed boat\r\n- private glass bottom trip 3 gili\r\n- peralatan snorkeling & life jacket', '6 s/d 10'),
(12, 'Paket 12', '2225000', '3 hari', 'Day 1 : airport - desa tenun sukarara - desa tradisioanal sade - pantai kuta Lombok - pantai tanjung an - bukit merese - pantai mawun\r\nDay 2 : bukit setangi (vila hantu) - bukit malimbu - bukit malaka - gili trawangan, meno dan air - monkey forrest pusuk\r\nDay 3 : pusat oleh-oleh Lombok - islamic centre mataram - pura lingsar taman narmada - desa gerabah banyumulek - airport', '5', '- mobil + driver + bbm\r\n- hotel + sarapan\r\n- makan siang & malam\r\n- air mineral selama tour\r\n- lokal guide\r\n- private speed boat\r\n- private glass bottom trip 3 gili\r\n- peralatan snorkeling & life jacket', '6 s/d 10'),
(13, 'Paket 13', '1106000', '3 hari', 'Day 1 : airport - desa tenun sukarara - desa tradisioanal sade - pantai kuta Lombok - pantai tanjung an - bukit merese - pantai mawun\r\nDay 2 : bukit setangi (vila hantu) - bukit malimbu - bukit malaka - gili trawangan, meno dan air - monkey forrest pusuk\r\nDay 3 : pusat oleh-oleh Lombok - islamic centre mataram - pura lingsar taman narmada - desa gerabah banyumulek - airport', '2', '- mobil + driver + bbm\r\n- hotel + sarapan\r\n- makan siang & malam\r\n- air mineral selama tour\r\n- lokal guide\r\n- private speed boat\r\n- private glass bottom trip 3 gili\r\n- peralatan snorkeling & life jacket', '11 s/d 15'),
(14, 'Paket 14', '1284000', '3 hari', 'Day 1 : airport - desa tenun sukarara - desa tradisioanal sade - pantai kuta Lombok - pantai tanjung an - bukit merese - pantai mawun\r\nDay 2 : bukit setangi (vila hantu) - bukit malimbu - bukit malaka - gili trawangan, meno dan air - monkey forrest pusuk\r\nDay 3 : pusat oleh-oleh Lombok - islamic centre mataram - pura lingsar taman narmada - desa gerabah banyumulek - airport', '3', '- mobil + driver + bbm\r\n- hotel + sarapan\r\n- makan siang & malam\r\n- air mineral selama tour\r\n- lokal guide\r\n- private speed boat\r\n- private glass bottom trip 3 gili\r\n- peralatan snorkeling & life jacket', '11 s/d 15'),
(15, 'Paket 15', '1487000', '3 hari', 'Day 1 : airport - desa tenun sukarara - desa tradisioanal sade - pantai kuta Lombok - pantai tanjung an - bukit merese - pantai mawun\r\nDay 2 : bukit setangi (vila hantu) - bukit malimbu - bukit malaka - gili trawangan, meno dan air - monkey forrest pusuk\r\nDay 3 : pusat oleh-oleh Lombok - islamic centre mataram - pura lingsar taman narmada - desa gerabah banyumulek - airport', '4', '- mobil + driver + bbm\r\n- hotel + sarapan\r\n- makan siang & malam\r\n- air mineral selama tour\r\n- lokal guide\r\n- private speed boat\r\n- private glass bottom trip 3 gili\r\n- peralatan snorkeling & life jacket', '11 s/d 15'),
(16, 'Paket 16', '2099000', '5 Hari', 'Day 1 : airport - desa tenun sukarara - desa tradisioanal sade - pantai kuta Lombok - pantai tanjung an - bukit merese - pantai mawun\r\nDay 2 : bukit setangi (vila hantu) - bukit malimbu - bukit malaka - gili trawangan, meno dan air - monkey forrest pusuk\r\nDay 3 : pusat oleh-oleh Lombok - islamic centre mataram - pura lingsar taman narmada - desa gerabah banyumulek - airport', '5', '- mobil + driver + bbm\r\n- hotel + sarapan\r\n- makan siang & malam\r\n- air mineral selama tour\r\n- lokal guide\r\n- private speed boat\r\n- private glass bottom trip 3 gili\r\n- peralatan snorkeling & life jacket', '11 s/d 15'),
(17, 'Paket 17', '1013000', '3 hari', 'Day 1 : airport - desa tenun sukarara - desa tradisioanal sade - pantai kuta Lombok - pantai tanjung an - bukit merese - pantai mawun\r\nDay 2 : bukit setangi (vila hantu) - bukit malimbu - bukit malaka - gili trawangan, meno dan air - monkey forrest pusuk\r\nDay 3 : pusat oleh-oleh Lombok - islamic centre mataram - pura lingsar taman narmada - desa gerabah banyumulek - airport', '2', '- mobil + driver + bbm\r\n- hotel + sarapan\r\n- makan siang & malam\r\n- air mineral selama tour\r\n- lokal guide\r\n- private speed boat\r\n- private glass bottom trip 3 gili\r\n- peralatan snorkeling & life jacket', '16 s/d 20'),
(18, 'Paket 18', '1192000', '3 hari', 'Day 1 : airport - desa tenun sukarara - desa tradisioanal sade - pantai kuta Lombok - pantai tanjung an - bukit merese - pantai mawun\r\nDay 2 : bukit setangi (vila hantu) - bukit malimbu - bukit malaka - gili trawangan, meno dan air - monkey forrest pusuk\r\nDay 3 : pusat oleh-oleh Lombok - islamic centre mataram - pura lingsar taman narmada - desa gerabah banyumulek - airport', '3', '- mobil + driver + bbm\r\n- hotel + sarapan\r\n- makan siang & malam\r\n- air mineral selama tour\r\n- lokal guide\r\n- private speed boat\r\n- private glass bottom trip 3 gili\r\n- peralatan snorkeling & life jacket', '16 s/d 20'),
(19, 'Paket 19', '1401000', '3 hari', 'Day 1 : airport - desa tenun sukarara - desa tradisioanal sade - pantai kuta Lombok - pantai tanjung an - bukit merese - pantai mawun\r\nDay 2 : bukit setangi (vila hantu) - bukit malimbu - bukit malaka - gili trawangan, meno dan air - monkey forrest pusuk\r\nDay 3 : pusat oleh-oleh Lombok - islamic centre mataram - pura lingsar taman narmada - desa gerabah banyumulek - airport', '4', '- mobil + driver + bbm\r\n- hotel + sarapan\r\n- makan siang & malam\r\n- air mineral selama tour\r\n- lokal guide\r\n- private speed boat\r\n- private glass bottom trip 3 gili\r\n- peralatan snorkeling & life jacket', '16 s/d 20'),
(20, 'Paket 20', '2012000', '3 hari', 'Day 1 : airport - desa tenun sukarara - desa tradisioanal sade - pantai kuta Lombok - pantai tanjung an - bukit merese - pantai mawun\r\nDay 2 : bukit setangi (vila hantu) - bukit malimbu - bukit malaka - gili trawangan, meno dan air - monkey forrest pusuk\r\nDay 3 : pusat oleh-oleh Lombok - islamic centre mataram - pura lingsar taman narmada - desa gerabah banyumulek - airport', '5', '- mobil + driver + bbm\r\n- hotel + sarapan\r\n- makan siang & malam\r\n- air mineral selama tour\r\n- lokal guide\r\n- private speed boat\r\n- private glass bottom trip 3 gili\r\n- peralatan snorkeling & life jacket', '16 s/d 20'),
(21, 'Paket 21', '1002000', '3 hari', 'Day 1 : airport-desa tenun sukarara - desa tradisional sade - pantai kuta lombok - pantai tanjung an - bukit merese - pantai mawun\r\nDay 2 : bukit setangi (vila hantu) - bukit malimbu  bukit malaka - gili trawangan, meno dan air (snorkeling) - monkey forrest pusuk\r\nDay 3 : pusat oleh-oleh Lombok- islamic centre mataram - pura lingsar - taman narmada - desa gerabah banyumulek - airport', '2', '- mobil + driver + bbm\r\n- hotel + sarapan\r\n- makan siang & malam\r\n- air mineral selama tour\r\n- lokal guide\r\n- private speed boat\r\n- private glass bottom trip 3 gili\r\n- peralatan snorkeling & life jacket', '21 s/d 40'),
(22, 'Paket 22', '1187000', '3 hari', 'Day 1 : airport-desa tenun sukarara - desa tradisional sade - pantai kuta lombok - pantai tanjung an - bukit merese - pantai mawun\r\nDay 2 : bukit setangi (vila hantu) - bukit malimbu  bukit malaka - gili trawangan, meno dan air (snorkeling) - monkey forrest pusuk\r\nDay 3 : pusat oleh-oleh Lombok- islamic centre mataram - pura lingsar - taman narmada - desa gerabah banyumulek - airport', '3', '- mobil + driver + bbm\r\n- hotel + sarapan\r\n- makan siang & malam\r\n- air mineral selama tour\r\n- lokal guide\r\n- private speed boat\r\n- private glass bottom trip 3 gili\r\n- peralatan snorkeling & life jacket', '21 s/d 40'),
(23, 'Paket 23', '1387000', '3 hari', 'Day 1 : airport-desa tenun sukarara - desa tradisional sade - pantai kuta lombok - pantai tanjung an - bukit merese - pantai mawun\r\nDay 2 : bukit setangi (vila hantu) - bukit malimbu  bukit malaka - gili trawangan, meno dan air (snorkeling) - monkey forrest pusuk\r\nDay 3 : pusat oleh-oleh Lombok- islamic centre mataram - pura lingsar - taman narmada - desa gerabah banyumulek - airport', '4', '- mobil + driver + bbm\r\n- hotel + sarapan\r\n- makan siang & malam\r\n- air mineral selama tour\r\n- lokal guide\r\n- private speed boat\r\n- private glass bottom trip 3 gili\r\n- peralatan snorkeling & life jacket', '21 s/d 40'),
(24, 'Paket 24', '1998000', '3 hari', 'Day 1 : airport-desa tenun sukarara - desa tradisional sade - pantai kuta lombok - pantai tanjung an - bukit merese - pantai mawun\r\nDay 2 : bukit setangi (vila hantu) - bukit malimbu  bukit malaka - gili trawangan, meno dan air (snorkeling) - monkey forrest pusuk\r\nDay 3 : pusat oleh-oleh Lombok- islamic centre mataram - pura lingsar - taman narmada - desa gerabah banyumulek - airport', '5', '- mobil + driver + bbm\r\n- hotel + sarapan\r\n- makan siang & malam\r\n- air mineral selama tour\r\n- lokal guide\r\n- private speed boat\r\n- private glass bottom trip 3 gili\r\n- peralatan snorkeling & life jacket', '21 s/d 40'),
(25, 'Paket 25', '926000', '3 hari', 'Day 1 : airport-desa tenun sukarara - desa tradisional sade - pantai kuta lombok - pantai tanjung an - bukit merese - pantai mawun\r\nDay 2 : bukit setangi (vila hantu) - bukit malimbu  bukit malaka - gili trawangan, meno dan air (snorkeling) - monkey forrest pusuk\r\nDay 3 : pusat oleh-oleh Lombok- islamic centre mataram - pura lingsar - taman narmada - desa gerabah banyumulek - airport', '2', '- mobil + driver + bbm\r\n- hotel + sarapan\r\n- makan siang & malam\r\n- air mineral selama tour\r\n- lokal guide\r\n- private speed boat\r\n- private glass bottom trip 3 gili\r\n- peralatan snorkeling & life jacket', '41 s/d 60'),
(26, 'Paket 26', '1096000', '3 hari', 'Day 1 : airport-desa tenun sukarara - desa tradisional sade - pantai kuta lombok - pantai tanjung an - bukit merese - pantai mawun\r\nDay 2 : bukit setangi (vila hantu) - bukit malimbu  bukit malaka - gili trawangan, meno dan air (snorkeling) - monkey forrest pusuk\r\nDay 3 : pusat oleh-oleh Lombok- islamic centre mataram - pura lingsar - taman narmada - desa gerabah banyumulek - airport', '3', '- mobil + driver + bbm\r\n- hotel + sarapan\r\n- makan siang & malam\r\n- air mineral selama tour\r\n- lokal guide\r\n- private speed boat\r\n- private glass bottom trip 3 gili\r\n- peralatan snorkeling & life jacket', '41 s/d 60'),
(27, 'Paket 27', '1304000', '3 hari', 'Day 1 : airport-desa tenun sukarara - desa tradisional sade - pantai kuta lombok - pantai tanjung an - bukit merese - pantai mawun\r\nDay 2 : bukit setangi (vila hantu) - bukit malimbu  bukit malaka - gili trawangan, meno dan air (snorkeling) - monkey forrest pusuk\r\nDay 3 : pusat oleh-oleh Lombok- islamic centre mataram - pura lingsar - taman narmada - desa gerabah banyumulek - airport', '4', '- mobil + driver + bbm\r\n- hotel + sarapan\r\n- makan siang & malam\r\n- air mineral selama tour\r\n- lokal guide\r\n- private speed boat\r\n- private glass bottom trip 3 gili\r\n- peralatan snorkeling & life jacket', '41 s/d 60'),
(28, 'Paket 28', '1912000', '3 hari', 'Day 1 : airport-desa tenun sukarara - desa tradisional sade - pantai kuta lombok - pantai tanjung an - bukit merese - pantai mawun\r\nDay 2 : bukit setangi (vila hantu) - bukit malimbu  bukit malaka - gili trawangan, meno dan air (snorkeling) - monkey forrest pusuk\r\nDay 3 : pusat oleh-oleh Lombok- islamic centre mataram - pura lingsar - taman narmada - desa gerabah banyumulek - airport', '5', '- mobil + driver + bbm\r\n- hotel + sarapan\r\n- makan siang & malam\r\n- air mineral selama tour\r\n- lokal guide\r\n- private speed boat\r\n- private glass bottom trip 3 gili\r\n- peralatan snorkeling & life jacket', '41 s/d 60'),
(29, 'Paket 29', '891000', '3 hari', 'Day 1 : airport-desa tenun sukarara - desa tradisional sade - pantai kuta lombok - pantai tanjung an - bukit merese - pantai mawun\r\nDay 2 : bukit setangi (vila hantu) - bukit malimbu  bukit malaka - gili trawangan, meno dan air (snorkeling) - monkey forrest pusuk\r\nDay 3 : pusat oleh-oleh Lombok- islamic centre mataram - pura lingsar - taman narmada - desa gerabah banyumulek - airport', '2', '- mobil + driver + bbm\r\n- hotel + sarapan\r\n- makan siang & malam\r\n- air mineral selama tour\r\n- lokal guide\r\n- private speed boat\r\n- private glass bottom trip 3 gili\r\n- peralatan snorkeling & life jacket', '61 s/d 80'),
(30, 'Paket 30', '1071000', '3 hari', 'Day 1 : airport-desa tenun sukarara - desa tradisional sade - pantai kuta lombok - pantai tanjung an - bukit merese - pantai mawun\r\nDay 2 : bukit setangi (vila hantu) - bukit malimbu  bukit malaka - gili trawangan, meno dan air (snorkeling) - monkey forrest pusuk\r\nDay 3 : pusat oleh-oleh Lombok- islamic centre mataram - pura lingsar - taman narmada - desa gerabah banyumulek - airport', '3', '- mobil + driver + bbm\r\n- hotel + sarapan\r\n- makan siang & malam\r\n- air mineral selama tour\r\n- lokal guide\r\n- private speed boat\r\n- private glass bottom trip 3 gili\r\n- peralatan snorkeling & life jacket', '61 s/d 80'),
(31, 'Paket 31', '1275000', '3 hari', 'Day 1 : airport-desa tenun sukarara - desa tradisional sade - pantai kuta lombok - pantai tanjung an - bukit merese - pantai mawun\r\nDay 2 : bukit setangi (vila hantu) - bukit malimbu  bukit malaka - gili trawangan, meno dan air (snorkeling) - monkey forrest pusuk\r\nDay 3 : pusat oleh-oleh Lombok- islamic centre mataram - pura lingsar - taman narmada - desa gerabah banyumulek - airport', '4', '- mobil + driver + bbm\r\n- hotel + sarapan\r\n- makan siang & malam\r\n- air mineral selama tour\r\n- lokal guide\r\n- private speed boat\r\n- private glass bottom trip 3 gili\r\n- peralatan snorkeling & life jacket', '61 s/d 80'),
(32, 'Paket 32', '1889000', '3 hari', 'Day 1 : airport-desa tenun sukarara - desa tradisional sade - pantai kuta lombok - pantai tanjung an - bukit merese - pantai mawun\r\nDay 2 : bukit setangi (vila hantu) - bukit malimbu  bukit malaka - gili trawangan, meno dan air (snorkeling) - monkey forrest pusuk\r\nDay 3 : pusat oleh-oleh Lombok- islamic centre mataram - pura lingsar - taman narmada - desa gerabah banyumulek - airport', '5', '- mobil + driver + bbm\r\n- hotel + sarapan\r\n- makan siang & malam\r\n- air mineral selama tour\r\n- lokal guide\r\n- private speed boat\r\n- private glass bottom trip 3 gili\r\n- peralatan snorkeling & life jacket', '61 s/d 80'),
(33, 'Paket 33', '871000', '3 hari', 'Day 1 : airport-desa tenun sukarara - desa tradisional sade - pantai kuta lombok - pantai tanjung an - bukit merese - pantai mawun\r\nDay 2 : bukit setangi (vila hantu) - bukit malimbu  bukit malaka - gili trawangan, meno dan air (snorkeling) - monkey forrest pusuk\r\nDay 3 : pusat oleh-oleh Lombok- islamic centre mataram - pura lingsar - taman narmada - desa gerabah banyumulek - airport', '2', '- mobil + driver + bbm\r\n- hotel + sarapan\r\n- makan siang & malam\r\n- air mineral selama tour\r\n- lokal guide\r\n- private speed boat\r\n- private glass bottom trip 3 gili\r\n- peralatan snorkeling & life jacket', '81 s/d 100'),
(34, 'Paket 34', '1052000', '3 hari', 'Day 1 : airport-desa tenun sukarara - desa tradisional sade - pantai kuta lombok - pantai tanjung an - bukit merese - pantai mawun\r\nDay 2 : bukit setangi (vila hantu) - bukit malimbu  bukit malaka - gili trawangan, meno dan air (snorkeling) - monkey forrest pusuk\r\nDay 3 : pusat oleh-oleh Lombok- islamic centre mataram - pura lingsar - taman narmada - desa gerabah banyumulek - airport', '3', '- mobil + driver + bbm\r\n- hotel + sarapan\r\n- makan siang & malam\r\n- air mineral selama tour\r\n- lokal guide\r\n- private speed boat\r\n- private glass bottom trip 3 gili\r\n- peralatan snorkeling & life jacket', '81 s/d 100'),
(35, 'Paket 35', '1258000', '3 hari', 'Day 1 : airport-desa tenun sukarara - desa tradisional sade - pantai kuta lombok - pantai tanjung an - bukit merese - pantai mawun\r\nDay 2 : bukit setangi (vila hantu) - bukit malimbu  bukit malaka - gili trawangan, meno dan air (snorkeling) - monkey forrest pusuk\r\nDay 3 : pusat oleh-oleh Lombok- islamic centre mataram - pura lingsar - taman narmada - desa gerabah banyumulek - airport', '4', '- mobil + driver + bbm\r\n- hotel + sarapan\r\n- makan siang & malam\r\n- air mineral selama tour\r\n- lokal guide\r\n- private speed boat\r\n- private glass bottom trip 3 gili\r\n- peralatan snorkeling & life jacket', '81 s/d 100'),
(36, 'Paket 36', '1864000', '3 hari', 'Day 1 : airport-desa tenun sukarara - desa tradisional sade - pantai kuta lombok - pantai tanjung an - bukit merese - pantai mawun\r\nDay 2 : bukit setangi (vila hantu) - bukit malimbu  bukit malaka - gili trawangan, meno dan air (snorkeling) - monkey forrest pusuk\r\nDay 3 : pusat oleh-oleh Lombok- islamic centre mataram - pura lingsar - taman narmada - desa gerabah banyumulek - airport', '5', '- mobil + driver + bbm\r\n- hotel + sarapan\r\n- makan siang & malam\r\n- air mineral selama tour\r\n- lokal guide\r\n- private speed boat\r\n- private glass bottom trip 3 gili\r\n- peralatan snorkeling & life jacket', '81 s/d 100'),
(37, 'Paket 37', '2338000', '4 hari', 'Day 1 : airport - desa tenun sukarara - desa tradisional sade - pantai kuta Lombok - pantai tanjung an - bukit merese - pantai mawun\r\nDay 2 : bukit setangi (vila hantu) - bukit malimbu - bukit malaka - gili trawangan , meno dan air (snorkeling) - monkey forrest pusuk\r\nDay 3 : pantai segui- gili petelu (snorkeling) - pantai semangkok (snorkeling) - pantai tangsi/pink - gili pasir\r\nDay 4 : pusat oleh-oleh Lombok - islamic centre mataram - pura lingsar - taman narmada - desa gerabah banyumulek - airport', '2', '- mobil + driver + bbm\r\n- hotel + sarapan\r\n- makan siang & malam\r\n- air mineral selama tour\r\n- lokal guide\r\n- private speed boat\r\n- private glass bottom trip 3 gili\r\n- peralatan snorkeling & life jacket', '2 s/d 3'),
(38, 'Paket 38', '2606000', '4 hari', 'Day 1 : airport - desa tenun sukarara - desa tradisional sade - pantai kuta Lombok - pantai tanjung an - bukit merese - pantai mawun\r\nDay 2 : bukit setangi (vila hantu) - bukit malimbu - bukit malaka - gili trawangan , meno dan air (snorkeling) - monkey forrest pusuk\r\nDay 3 : pantai segui- gili petelu (snorkeling) - pantai semangkok (snorkeling) - pantai tangsi/pink - gili pasir\r\nDay 4 : pusat oleh-oleh Lombok - islamic centre mataram - pura lingsar - taman narmada - desa gerabah banyumulek - airport', '3', '- mobil + driver + bbm\r\n- hotel + sarapan\r\n- makan siang & malam\r\n- air mineral selama tour\r\n- lokal guide\r\n- private speed boat\r\n- private glass bottom trip 3 gili\r\n- peralatan snorkeling & life jacket', '2 s/d 3'),
(39, 'Paket 39', '2912000', '4 hari', 'Day 1 : airport - desa tenun sukarara - desa tradisional sade - pantai kuta Lombok - pantai tanjung an - bukit merese - pantai mawun\r\nDay 2 : bukit setangi (vila hantu) - bukit malimbu - bukit malaka - gili trawangan , meno dan air (snorkeling) - monkey forrest pusuk\r\nDay 3 : pantai segui- gili petelu (snorkeling) - pantai semangkok (snorkeling) - pantai tangsi/pink - gili pasir\r\nDay 4 : pusat oleh-oleh Lombok - islamic centre mataram - pura lingsar - taman narmada - desa gerabah banyumulek - airport', '4', '- mobil + driver + bbm\r\n- hotel + sarapan\r\n- makan siang & malam\r\n- air mineral selama tour\r\n- lokal guide\r\n- private speed boat\r\n- private glass bottom trip 3 gili\r\n- peralatan snorkeling & life jacket', '2 s/d 3'),
(40, 'Paket 40', '3840000', '4 hari', 'Day 1 : airport - desa tenun sukarara - desa tradisional sade - pantai kuta Lombok - pantai tanjung an - bukit merese - pantai mawun\r\nDay 2 : bukit setangi (vila hantu) - bukit malimbu - bukit malaka - gili trawangan , meno dan air (snorkeling) - monkey forrest pusuk\r\nDay 3 : pantai segui- gili petelu (snorkeling) - pantai semangkok (snorkeling) - pantai tangsi/pink - gili pasir\r\nDay 4 : pusat oleh-oleh Lombok - islamic centre mataram - pura lingsar - taman narmada - desa gerabah banyumulek - airport', '5', '- mobil + driver + bbm\r\n- hotel + sarapan\r\n- makan siang & malam\r\n- air mineral selama tour\r\n- lokal guide\r\n- private speed boat\r\n- private glass bottom trip 3 gili\r\n- peralatan snorkeling & life jacket', '2 s/d 3'),
(41, 'Paket 41', '1619000', '4 hari', 'Day 1 : airport - desa tenun sukarara - desa tradisional sade - pantai kuta Lombok - pantai tanjung an - bukit merese - pantai mawun\r\nDay 2 : bukit setangi (vila hantu) - bukit malimbu - bukit malaka - gili trawangan , meno dan air (snorkeling) - monkey forrest pusuk\r\nDay 3 : pantai segui- gili petelu (snorkeling) - pantai semangkok (snorkeling) - pantai tangsi/pink - gili pasir\r\nDay 4 : pusat oleh-oleh Lombok - islamic centre mataram - pura lingsar - taman narmada - desa gerabah banyumulek - airport', '2', '- mobil + driver + bbm\r\n- hotel + sarapan\r\n- makan siang & malam\r\n- air mineral selama tour\r\n- lokal guide\r\n- private speed boat\r\n- private glass bottom trip 3 gili\r\n- peralatan snorkeling & life jacket', '4 s/d 5'),
(42, 'Paket 42', '1917000', '4 hari', 'Day 1 : airport - desa tenun sukarara - desa tradisional sade - pantai kuta Lombok - pantai tanjung an - bukit merese - pantai mawun\r\nDay 2 : bukit setangi (vila hantu) - bukit malimbu - bukit malaka - gili trawangan , meno dan air (snorkeling) - monkey forrest pusuk\r\nDay 3 : pantai segui- gili petelu (snorkeling) - pantai semangkok (snorkeling) - pantai tangsi/pink - gili pasir\r\nDay 4 : pusat oleh-oleh Lombok - islamic centre mataram - pura lingsar - taman narmada - desa gerabah banyumulek - airport', '3', '- mobil + driver + bbm\r\n- hotel + sarapan\r\n- makan siang & malam\r\n- air mineral selama tour\r\n- lokal guide\r\n- private speed boat\r\n- private glass bottom trip 3 gili\r\n- peralatan snorkeling & life jacket', '4 s/d 5'),
(43, 'Paket 43', '2223000', '4 hari', 'Day 1 : airport - desa tenun sukarara - desa tradisional sade - pantai kuta Lombok - pantai tanjung an - bukit merese - pantai mawun\r\nDay 2 : bukit setangi (vila hantu) - bukit malimbu - bukit malaka - gili trawangan , meno dan air (snorkeling) - monkey forrest pusuk\r\nDay 3 : pantai segui- gili petelu (snorkeling) - pantai semangkok (snorkeling) - pantai tangsi/pink - gili pasir\r\nDay 4 : pusat oleh-oleh Lombok - islamic centre mataram - pura lingsar - taman narmada - desa gerabah banyumulek - airport', '4', '- mobil + driver + bbm\r\n- hotel + sarapan\r\n- makan siang & malam\r\n- air mineral selama tour\r\n- lokal guide\r\n- private speed boat\r\n- private glass bottom trip 3 gili\r\n- peralatan snorkeling & life jacket', '4 s/d 5'),
(44, 'Paket 44', '3141000', '4 hari', 'Day 1 : airport - desa tenun sukarara - desa tradisional sade - pantai kuta Lombok - pantai tanjung an - bukit merese - pantai mawun\r\nDay 2 : bukit setangi (vila hantu) - bukit malimbu - bukit malaka - gili trawangan , meno dan air (snorkeling) - monkey forrest pusuk\r\nDay 3 : pantai segui- gili petelu (snorkeling) - pantai semangkok (snorkeling) - pantai tangsi/pink - gili pasir\r\nDay 4 : pusat oleh-oleh Lombok - islamic centre mataram - pura lingsar - taman narmada - desa gerabah banyumulek - airport', '5', '- mobil + driver + bbm\r\n- hotel + sarapan\r\n- makan siang & malam\r\n- air mineral selama tour\r\n- lokal guide\r\n- private speed boat\r\n- private glass bottom trip 3 gili\r\n- peralatan snorkeling & life jacket', '4 s/d 5'),
(45, 'Paket 45', '1545000', '4 hari', 'Day 1 : airport - desa tenun sukarara - desa tradisional sade - pantai kuta Lombok - pantai tanjung an - bukit merese - pantai mawun\r\nDay 2 : bukit setangi (vila hantu) - bukit malimbu - bukit malaka - gili trawangan , meno dan air (snorkeling) - monkey forrest pusuk\r\nDay 3 : pantai segui- gili petelu (snorkeling) - pantai semangkok (snorkeling) - pantai tangsi/pink - gili pasir\r\nDay 4 : pusat oleh-oleh Lombok - islamic centre mataram - pura lingsar - taman narmada - desa gerabah banyumulek - airport', '2', '- mobil + driver + bbm\r\n- hotel + sarapan\r\n- makan siang & malam\r\n- air mineral selama tour\r\n- lokal guide\r\n- private speed boat\r\n- private glass bottom trip 3 gili\r\n- peralatan snorkeling & life jacket', '6 s/d 10'),
(46, 'Paket 46', '1833000', '4 hari', 'Day 1 : airport - desa tenun sukarara - desa tradisional sade - pantai kuta Lombok - pantai tanjung an - bukit merese - pantai mawun\r\nDay 2 : bukit setangi (vila hantu) - bukit malimbu - bukit malaka - gili trawangan , meno dan air (snorkeling) - monkey forrest pusuk\r\nDay 3 : pantai segui- gili petelu (snorkeling) - pantai semangkok (snorkeling) - pantai tangsi/pink - gili pasir\r\nDay 4 : pusat oleh-oleh Lombok - islamic centre mataram - pura lingsar - taman narmada - desa gerabah banyumulek - airport', '3', '- mobil + driver + bbm\r\n- hotel + sarapan\r\n- makan siang & malam\r\n- air mineral selama tour\r\n- lokal guide\r\n- private speed boat\r\n- private glass bottom trip 3 gili\r\n- peralatan snorkeling & life jacket', '6 s/d 10'),
(47, 'Paket 47', '2119000', '4 hari', 'Day 1 : airport - desa tenun sukarara - desa tradisional sade - pantai kuta Lombok - pantai tanjung an - bukit merese - pantai mawun\r\nDay 2 : bukit setangi (vila hantu) - bukit malimbu - bukit malaka - gili trawangan , meno dan air (snorkeling) - monkey forrest pusuk\r\nDay 3 : pantai segui- gili petelu (snorkeling) - pantai semangkok (snorkeling) - pantai tangsi/pink - gili pasir\r\nDay 4 : pusat oleh-oleh Lombok - islamic centre mataram - pura lingsar - taman narmada - desa gerabah banyumulek - airport', '4', '- mobil + driver + bbm\r\n- hotel + sarapan\r\n- makan siang & malam\r\n- air mineral selama tour\r\n- lokal guide\r\n- private speed boat\r\n- private glass bottom trip 3 gili\r\n- peralatan snorkeling & life jacket', '6 s/d 10'),
(48, 'Paket 48', '3057000', '4 hari', 'Day 1 : airport - desa tenun sukarara - desa tradisional sade - pantai kuta Lombok - pantai tanjung an - bukit merese - pantai mawun\r\nDay 2 : bukit setangi (vila hantu) - bukit malimbu - bukit malaka - gili trawangan , meno dan air (snorkeling) - monkey forrest pusuk\r\nDay 3 : pantai segui- gili petelu (snorkeling) - pantai semangkok (snorkeling) - pantai tangsi/pink - gili pasir\r\nDay 4 : pusat oleh-oleh Lombok - islamic centre mataram - pura lingsar - taman narmada - desa gerabah banyumulek - airport', '5', '- mobil + driver + bbm\r\n- hotel + sarapan\r\n- makan siang & malam\r\n- air mineral selama tour\r\n- lokal guide\r\n- private speed boat\r\n- private glass bottom trip 3 gili\r\n- peralatan snorkeling & life jacket', '6 s/d 10'),
(49, 'Paket 49', '1460000', '4 hari', 'Day 1 : airport - desa tenun sukarara - desa tradisional sade - pantai kuta Lombok - pantai tanjung an - bukit merese - pantai mawun\r\nDay 2 : bukit setangi (vila hantu) - bukit malimbu - bukit malaka - gili trawangan , meno dan air (snorkeling) - monkey forrest pusuk\r\nDay 3 : pantai segui- gili petelu (snorkeling) - pantai semangkok (snorkeling) - pantai tangsi/pink - gili pasir\r\nDay 4 : pusat oleh-oleh Lombok - islamic centre mataram - pura lingsar - taman narmada - desa gerabah banyumulek - airport', '2', '- mobil + driver + bbm\r\n- hotel + sarapan\r\n- makan siang & malam\r\n- air mineral selama tour\r\n- lokal guide\r\n- private speed boat\r\n- private glass bottom trip 3 gili\r\n- peralatan snorkeling & life jacket', '11 s/d 15'),
(50, 'Paket 50', '1718000', '4 hari', 'Day 1 : airport - desa tenun sukarara - desa tradisional sade - pantai kuta Lombok - pantai tanjung an - bukit merese - pantai mawun\r\nDay 2 : bukit setangi (vila hantu) - bukit malimbu - bukit malaka - gili trawangan , meno dan air (snorkeling) - monkey forrest pusuk\r\nDay 3 : pantai segui- gili petelu (snorkeling) - pantai semangkok (snorkeling) - pantai tangsi/pink - gili pasir\r\nDay 4 : pusat oleh-oleh Lombok - islamic centre mataram - pura lingsar - taman narmada - desa gerabah banyumulek - airport', '3', '- mobil + driver + bbm\r\n- hotel + sarapan\r\n- makan siang & malam\r\n- air mineral selama tour\r\n- lokal guide\r\n- private speed boat\r\n- private glass bottom trip 3 gili\r\n- peralatan snorkeling & life jacket', '11 s/d 15'),
(51, 'Paket 51', '2044000', '4 hari', 'Day 1 : airport - desa tenun sukarara - desa tradisional sade - pantai kuta Lombok - pantai tanjung an - bukit merese - pantai mawun\r\nDay 2 : bukit setangi (vila hantu) - bukit malimbu - bukit malaka - gili trawangan , meno dan air (snorkeling) - monkey forrest pusuk\r\nDay 3 : pantai segui- gili petelu (snorkeling) - pantai semangkok (snorkeling) - pantai tangsi/pink - gili pasir\r\nDay 4 : pusat oleh-oleh Lombok - islamic centre mataram - pura lingsar - taman narmada - desa gerabah banyumulek - airport', '4', '- mobil + driver + bbm\r\n- hotel + sarapan\r\n- makan siang & malam\r\n- air mineral selama tour\r\n- lokal guide\r\n- private speed boat\r\n- private glass bottom trip 3 gili\r\n- peralatan snorkeling & life jacket', '11 s/d 15'),
(52, 'Paket 52', '2972000', '4 hari', 'Day 1 : airport - desa tenun sukarara - desa tradisional sade - pantai kuta Lombok - pantai tanjung an - bukit merese - pantai mawun\r\nDay 2 : bukit setangi (vila hantu) - bukit malimbu - bukit malaka - gili trawangan , meno dan air (snorkeling) - monkey forrest pusuk\r\nDay 3 : pantai segui- gili petelu (snorkeling) - pantai semangkok (snorkeling) - pantai tangsi/pink - gili pasir\r\nDay 4 : pusat oleh-oleh Lombok - islamic centre mataram - pura lingsar - taman narmada - desa gerabah banyumulek - airport', '5', '- mobil + driver + bbm\r\n- hotel + sarapan\r\n- makan siang & malam\r\n- air mineral selama tour\r\n- lokal guide\r\n- private speed boat\r\n- private glass bottom trip 3 gili\r\n- peralatan snorkeling & life jacket', '11 s/d 15'),
(53, 'Paket 53', '1408000', '4 hari', 'Day 1 : airport - desa tenun sukarara - desa tradisional sade - pantai kuta Lombok - pantai tanjung an - bukit merese - pantai mawun\r\nDay 2 : bukit setangi (vila hantu) - bukit malimbu - bukit malaka - gili trawangan , meno dan air (snorkeling) - monkey forrest pusuk\r\nDay 3 : pantai segui- gili petelu (snorkeling) - pantai semangkok (snorkeling) - pantai tangsi/pink - gili pasir\r\nDay 4 : pusat oleh-oleh Lombok - islamic centre mataram - pura lingsar - taman narmada - desa gerabah banyumulek - airport', '2', '- mobil + driver + bbm\r\n- hotel + sarapan\r\n- makan siang & malam\r\n- air mineral selama tour\r\n- lokal guide\r\n- private speed boat\r\n- private glass bottom trip 3 gili\r\n- peralatan snorkeling & life jacket', '16 s/d 20'),
(54, 'Paket 54', '1696000', '4 hari', 'Day 1 : airport - desa tenun sukarara - desa tradisional sade - pantai kuta Lombok - pantai tanjung an - bukit merese - pantai mawun\r\nDay 2 : bukit setangi (vila hantu) - bukit malimbu - bukit malaka - gili trawangan , meno dan air (snorkeling) - monkey forrest pusuk\r\nDay 3 : pantai segui- gili petelu (snorkeling) - pantai semangkok (snorkeling) - pantai tangsi/pink - gili pasir\r\nDay 4 : pusat oleh-oleh Lombok - islamic centre mataram - pura lingsar - taman narmada - desa gerabah banyumulek - airport', '3', '- mobil + driver + bbm\r\n- hotel + sarapan\r\n- makan siang & malam\r\n- air mineral selama tour\r\n- lokal guide\r\n- private speed boat\r\n- private glass bottom trip 3 gili\r\n- peralatan snorkeling & life jacket', '16 s/d 20'),
(55, 'Paket 55', '2012000', '4 hari', 'Day 1 : airport - desa tenun sukarara - desa tradisional sade - pantai kuta Lombok - pantai tanjung an - bukit merese - pantai mawun\r\nDay 2 : bukit setangi (vila hantu) - bukit malimbu - bukit malaka - gili trawangan , meno dan air (snorkeling) - monkey forrest pusuk\r\nDay 3 : pantai segui- gili petelu (snorkeling) - pantai semangkok (snorkeling) - pantai tangsi/pink - gili pasir\r\nDay 4 : pusat oleh-oleh Lombok - islamic centre mataram - pura lingsar - taman narmada - desa gerabah banyumulek - airport', '4', '- mobil + driver + bbm\r\n- hotel + sarapan\r\n- makan siang & malam\r\n- air mineral selama tour\r\n- lokal guide\r\n- private speed boat\r\n- private glass bottom trip 3 gili\r\n- peralatan snorkeling & life jacket', '16 s/d 20'),
(56, 'Paket 56', '2930000', '4 hari', 'Day 1 : airport - desa tenun sukarara - desa tradisional sade - pantai kuta Lombok - pantai tanjung an - bukit merese - pantai mawun\r\nDay 2 : bukit setangi (vila hantu) - bukit malimbu - bukit malaka - gili trawangan , meno dan air (snorkeling) - monkey forrest pusuk\r\nDay 3 : pantai segui- gili petelu (snorkeling) - pantai semangkok (snorkeling) - pantai tangsi/pink - gili pasir\r\nDay 4 : pusat oleh-oleh Lombok - islamic centre mataram - pura lingsar - taman narmada - desa gerabah banyumulek - airport', '5', '- mobil + driver + bbm\r\n- hotel + sarapan\r\n- makan siang & malam\r\n- air mineral selama tour\r\n- lokal guide\r\n- private speed boat\r\n- private glass bottom trip 3 gili\r\n- peralatan snorkeling & life jacket', '16 s/d 20'),
(57, 'Paket 57', '1377000', '4 hari', 'Day 1 : airport - desa tenun sukarara - desa tradisional sade - pantai kuta Lombok - pantai tanjung an - bukit merese - pantai mawun\r\nDay 2 : bukit setangi (vila hantu) - bukit malimbu - bukit malaka - gili trawangan , meno dan air (snorkeling) - monkey forrest pusuk\r\nDay 3 : pantai segui- gili petelu (snorkeling) - pantai semangkok (snorkeling) - pantai tangsi/pink - gili pasir\r\nDay 4 : pusat oleh-oleh Lombok - islamic centre mataram - pura lingsar - taman narmada - desa gerabah banyumulek - airport', '2', '- mobil + driver + bbm\r\n- hotel + sarapan\r\n- makan siang & malam\r\n- air mineral selama tour\r\n- lokal guide\r\n- private speed boat\r\n- private glass bottom trip 3 gili\r\n- peralatan snorkeling & life jacket', '21 s/d 40'),
(58, 'Paket 58', '1664000', '4 hari', 'Day 1 : airport - desa tenun sukarara - desa tradisional sade - pantai kuta Lombok - pantai tanjung an - bukit merese - pantai mawun\r\nDay 2 : bukit setangi (vila hantu) - bukit malimbu - bukit malaka - gili trawangan , meno dan air (snorkeling) - monkey forrest pusuk\r\nDay 3 : pantai segui- gili petelu (snorkeling) - pantai semangkok (snorkeling) - pantai tangsi/pink - gili pasir\r\nDay 4 : pusat oleh-oleh Lombok - islamic centre mataram - pura lingsar - taman narmada - desa gerabah banyumulek - airport', '3', '- mobil + driver + bbm\r\n- hotel + sarapan\r\n- makan siang & malam\r\n- air mineral selama tour\r\n- lokal guide\r\n- private speed boat\r\n- private glass bottom trip 3 gili\r\n- peralatan snorkeling & life jacket', '21 s/d 40'),
(59, 'Paket 59', '1975000', '4 hari', 'Day 1 : airport - desa tenun sukarara - desa tradisional sade - pantai kuta Lombok - pantai tanjung an - bukit merese - pantai mawun\r\nDay 2 : bukit setangi (vila hantu) - bukit malimbu - bukit malaka - gili trawangan , meno dan air (snorkeling) - monkey forrest pusuk\r\nDay 3 : pantai segui- gili petelu (snorkeling) - pantai semangkok (snorkeling) - pantai tangsi/pink - gili pasir\r\nDay 4 : pusat oleh-oleh Lombok - islamic centre mataram - pura lingsar - taman narmada - desa gerabah banyumulek - airport', '4', '- mobil + driver + bbm\r\n- hotel + sarapan\r\n- makan siang & malam\r\n- air mineral selama tour\r\n- lokal guide\r\n- private speed boat\r\n- private glass bottom trip 3 gili\r\n- peralatan snorkeling & life jacket', '21 s/d 40'),
(60, 'Paket 60', '2908000', '4 hari', 'Day 1 : airport - desa tenun sukarara - desa tradisional sade - pantai kuta Lombok - pantai tanjung an - bukit merese - pantai mawun\r\nDay 2 : bukit setangi (vila hantu) - bukit malimbu - bukit malaka - gili trawangan , meno dan air (snorkeling) - monkey forrest pusuk\r\nDay 3 : pantai segui- gili petelu (snorkeling) - pantai semangkok (snorkeling) - pantai tangsi/pink - gili pasir\r\nDay 4 : pusat oleh-oleh Lombok - islamic centre mataram - pura lingsar - taman narmada - desa gerabah banyumulek - airport', '5', '- mobil + driver + bbm\r\n- hotel + sarapan\r\n- makan siang & malam\r\n- air mineral selama tour\r\n- lokal guide\r\n- private speed boat\r\n- private glass bottom trip 3 gili\r\n- peralatan snorkeling & life jacket', '21 s/d 40'),
(61, 'Paket 61', '1298000', '4 hari', 'Day 1 : airport - desa tenun sukarara - desa tradisional sade - pantai kuta Lombok - pantai tanjung an - bukit merese - pantai mawun\r\nDay 2 : bukit setangi (vila hantu) - bukit malimbu - bukit malaka - gili trawangan , meno dan air (snorkeling) - monkey forrest pusuk\r\nDay 3 : pantai segui- gili petelu (snorkeling) - pantai semangkok (snorkeling) - pantai tangsi/pink - gili pasir\r\nDay 4 : pusat oleh-oleh Lombok - islamic centre mataram - pura lingsar - taman narmada - desa gerabah banyumulek - airport', '2', '- mobil + driver + bbm\r\n- hotel + sarapan\r\n- makan siang & malam\r\n- air mineral selama tour\r\n- lokal guide\r\n- private speed boat\r\n- private glass bottom trip 3 gili\r\n- peralatan snorkeling & life jacket', '41 s/d 60'),
(62, 'Paket 62', '1556000', '4 hari', 'Day 1 : airport - desa tenun sukarara - desa tradisional sade - pantai kuta Lombok - pantai tanjung an - bukit merese - pantai mawun\r\nDay 2 : bukit setangi (vila hantu) - bukit malimbu - bukit malaka - gili trawangan , meno dan air (snorkeling) - monkey forrest pusuk\r\nDay 3 : pantai segui- gili petelu (snorkeling) - pantai semangkok (snorkeling) - pantai tangsi/pink - gili pasir\r\nDay 4 : pusat oleh-oleh Lombok - islamic centre mataram - pura lingsar - taman narmada - desa gerabah banyumulek - airport', '3', '- mobil + driver + bbm\r\n- hotel + sarapan\r\n- makan siang & malam\r\n- air mineral selama tour\r\n- lokal guide\r\n- private speed boat\r\n- private glass bottom trip 3 gili\r\n- peralatan snorkeling & life jacket', '41 s/d 60'),
(63, 'Paket 63', '1892000', '4 hari', 'Day 1 : airport - desa tenun sukarara - desa tradisional sade - pantai kuta Lombok - pantai tanjung an - bukit merese - pantai mawun\r\nDay 2 : bukit setangi (vila hantu) - bukit malimbu - bukit malaka - gili trawangan , meno dan air (snorkeling) - monkey forrest pusuk\r\nDay 3 : pantai segui- gili petelu (snorkeling) - pantai semangkok (snorkeling) - pantai tangsi/pink - gili pasir\r\nDay 4 : pusat oleh-oleh Lombok - islamic centre mataram - pura lingsar - taman narmada - desa gerabah banyumulek - airport', '4', '- mobil + driver + bbm\r\n- hotel + sarapan\r\n- makan siang & malam\r\n- air mineral selama tour\r\n- lokal guide\r\n- private speed boat\r\n- private glass bottom trip 3 gili\r\n- peralatan snorkeling & life jacket', '41 s/d 60'),
(64, 'Paket 64', '2800000', '4 hari', 'Day 1 : airport - desa tenun sukarara - desa tradisional sade - pantai kuta Lombok - pantai tanjung an - bukit merese - pantai mawun\r\nDay 2 : bukit setangi (vila hantu) - bukit malimbu - bukit malaka - gili trawangan , meno dan air (snorkeling) - monkey forrest pusuk\r\nDay 3 : pantai segui- gili petelu (snorkeling) - pantai semangkok (snorkeling) - pantai tangsi/pink - gili pasir\r\nDay 4 : pusat oleh-oleh Lombok - islamic centre mataram - pura lingsar - taman narmada - desa gerabah banyumulek - airport', '5', '- mobil + driver + bbm\r\n- hotel + sarapan\r\n- makan siang & malam\r\n- air mineral selama tour\r\n- lokal guide\r\n- private speed boat\r\n- private glass bottom trip 3 gili\r\n- peralatan snorkeling & life jacket', '41 s/d 60'),
(65, 'Paket 65', '1153000', '4 hari', 'Day 1 : airport - desa tenun sukarara - desa tradisional sade - pantai kuta Lombok - pantai tanjung an - bukit merese - pantai mawun\r\nDay 2 : bukit setangi (vila hantu) - bukit malimbu - bukit malaka - gili trawangan , meno dan air (snorkeling) - monkey forrest pusuk\r\nDay 3 : pantai segui- gili petelu (snorkeling) - pantai semangkok (snorkeling) - pantai tangsi/pink - gili pasir\r\nDay 4 : pusat oleh-oleh Lombok - islamic centre mataram - pura lingsar - taman narmada - desa gerabah banyumulek - airport', '2', '- mobil + driver + bbm\r\n- hotel + sarapan\r\n- makan siang & malam\r\n- air mineral selama tour\r\n- lokal guide\r\n- private speed boat\r\n- private glass bottom trip 3 gili\r\n- peralatan snorkeling & life jacket', '61 s/d 80'),
(66, 'Paket 66', '1531000', '4 hari', 'Day 1 : airport - desa tenun sukarara - desa tradisional sade - pantai kuta Lombok - pantai tanjung an - bukit merese - pantai mawun\r\nDay 2 : bukit setangi (vila hantu) - bukit malimbu - bukit malaka - gili trawangan , meno dan air (snorkeling) - monkey forrest pusuk\r\nDay 3 : pantai segui- gili petelu (snorkeling) - pantai semangkok (snorkeling) - pantai tangsi/pink - gili pasir\r\nDay 4 : pusat oleh-oleh Lombok - islamic centre mataram - pura lingsar - taman narmada - desa gerabah banyumulek - airport', '3', '- mobil + driver + bbm\r\n- hotel + sarapan\r\n- makan siang & malam\r\n- air mineral selama tour\r\n- lokal guide\r\n- private speed boat\r\n- private glass bottom trip 3 gili\r\n- peralatan snorkeling & life jacket', '61 s/d 80'),
(67, 'Paket 67', '1847000', '4 hari', 'Day 1 : airport - desa tenun sukarara - desa tradisional sade - pantai kuta Lombok - pantai tanjung an - bukit merese - pantai mawun\r\nDay 2 : bukit setangi (vila hantu) - bukit malimbu - bukit malaka - gili trawangan , meno dan air (snorkeling) - monkey forrest pusuk\r\nDay 3 : pantai segui- gili petelu (snorkeling) - pantai semangkok (snorkeling) - pantai tangsi/pink - gili pasir\r\nDay 4 : pusat oleh-oleh Lombok - islamic centre mataram - pura lingsar - taman narmada - desa gerabah banyumulek - airport', '4', '- mobil + driver + bbm\r\n- hotel + sarapan\r\n- makan siang & malam\r\n- air mineral selama tour\r\n- lokal guide\r\n- private speed boat\r\n- private glass bottom trip 3 gili\r\n- peralatan snorkeling & life jacket', '61 s/d 80'),
(68, 'Paket 68', '2755000', '4 hari', 'Day 1 : airport - desa tenun sukarara - desa tradisional sade - pantai kuta Lombok - pantai tanjung an - bukit merese - pantai mawun\r\nDay 2 : bukit setangi (vila hantu) - bukit malimbu - bukit malaka - gili trawangan , meno dan air (snorkeling) - monkey forrest pusuk\r\nDay 3 : pantai segui- gili petelu (snorkeling) - pantai semangkok (snorkeling) - pantai tangsi/pink - gili pasir\r\nDay 4 : pusat oleh-oleh Lombok - islamic centre mataram - pura lingsar - taman narmada - desa gerabah banyumulek - airport', '5', '- mobil + driver + bbm\r\n- hotel + sarapan\r\n- makan siang & malam\r\n- air mineral selama tour\r\n- lokal guide\r\n- private speed boat\r\n- private glass bottom trip 3 gili\r\n- peralatan snorkeling & life jacket', '61 s/d 80');
INSERT INTO `paket` (`id_paket`, `nama_paket`, `harga`, `hari`, `detail_tujuan`, `hotel_bintang`, `fasilitas`, `jumlah_orang`) VALUES
(69, 'Paket 69', '1126000', '4 hari', 'Day 1 : airport - desa tenun sukarara - desa tradisional sade - pantai kuta Lombok - pantai tanjung an - bukit merese - pantai mawun\r\nDay 2 : bukit setangi (vila hantu) - bukit malimbu - bukit malaka - gili trawangan , meno dan air (snorkeling) - monkey forrest pusuk\r\nDay 3 : pantai segui- gili petelu (snorkeling) - pantai semangkok (snorkeling) - pantai tangsi/pink - gili pasir\r\nDay 4 : pusat oleh-oleh Lombok - islamic centre mataram - pura lingsar - taman narmada - desa gerabah banyumulek - airport', '2', '- mobil + driver + bbm\r\n- hotel + sarapan\r\n- makan siang & malam\r\n- air mineral selama tour\r\n- lokal guide\r\n- private speed boat\r\n- private glass bottom trip 3 gili\r\n- peralatan snorkeling & life jacket', '81 s/d 100'),
(70, 'Paket 70', '1504000', '4 hari', 'Day 1 : airport - desa tenun sukarara - desa tradisional sade - pantai kuta Lombok - pantai tanjung an - bukit merese - pantai mawun\r\nDay 2 : bukit setangi (vila hantu) - bukit malimbu - bukit malaka - gili trawangan , meno dan air (snorkeling) - monkey forrest pusuk\r\nDay 3 : pantai segui- gili petelu (snorkeling) - pantai semangkok (snorkeling) - pantai tangsi/pink - gili pasir\r\nDay 4 : pusat oleh-oleh Lombok - islamic centre mataram - pura lingsar - taman narmada - desa gerabah banyumulek - airport', '3', '- mobil + driver + bbm\r\n- hotel + sarapan\r\n- makan siang & malam\r\n- air mineral selama tour\r\n- lokal guide\r\n- private speed boat\r\n- private glass bottom trip 3 gili\r\n- peralatan snorkeling & life jacket', '81 s/d 100'),
(71, 'Paket 71', '1810000', '4 hari', 'Day 1 : airport - desa tenun sukarara - desa tradisional sade - pantai kuta Lombok - pantai tanjung an - bukit merese - pantai mawun\r\nDay 2 : bukit setangi (vila hantu) - bukit malimbu - bukit malaka - gili trawangan , meno dan air (snorkeling) - monkey forrest pusuk\r\nDay 3 : pantai segui- gili petelu (snorkeling) - pantai semangkok (snorkeling) - pantai tangsi/pink - gili pasir\r\nDay 4 : pusat oleh-oleh Lombok - islamic centre mataram - pura lingsar - taman narmada - desa gerabah banyumulek - airport', '4', '- mobil + driver + bbm\r\n- hotel + sarapan\r\n- makan siang & malam\r\n- air mineral selama tour\r\n- lokal guide\r\n- private speed boat\r\n- private glass bottom trip 3 gili\r\n- peralatan snorkeling & life jacket', '81 s/d 100'),
(72, 'Paket 72', '2728000', '4 hari', 'Day 1 : airport - desa tenun sukarara - desa tradisional sade - pantai kuta Lombok - pantai tanjung an - bukit merese - pantai mawun\r\nDay 2 : bukit setangi (vila hantu) - bukit malimbu - bukit malaka - gili trawangan , meno dan air (snorkeling) - monkey forrest pusuk\r\nDay 3 : pantai segui- gili petelu (snorkeling) - pantai semangkok (snorkeling) - pantai tangsi/pink - gili pasir\r\nDay 4 : pusat oleh-oleh Lombok - islamic centre mataram - pura lingsar - taman narmada - desa gerabah banyumulek - airport', '5', '- mobil + driver + bbm\r\n- hotel + sarapan\r\n- makan siang & malam\r\n- air mineral selama tour\r\n- lokal guide\r\n- private speed boat\r\n- private glass bottom trip 3 gili\r\n- peralatan snorkeling & life jacket', '81 s/d 100'),
(73, 'Paket 73', '3706000', '5 hari', 'Day 1 : airport - desa tenun sukarara - desa tradisional sade - pantai kuta Lombok - pantai tanjung an - bukit merese - pantai mawun\r\nDay 2 : bukit setangi (vila hantu) - bukit malimbu - bukit malaka - gili trawangan , meno dan air (snorkeling)\r\nDay 3 : pusuk monkey forrest - air terjun sendang gila - air terjun tiu kelep - masjid kuno bayan\r\nDay 4 : pantai segui - gili petelu (snorkeling) - pantai semangkok(snorkeling) - pantai tangsi/pink - gili pasir\r\nDay 5 : pusat oleh-oleh Lombok - islamic centre mataram - pura lingsar - taman narmada - desa gerabah banyumulek - airport', '2', '- mobil + driver + bbm\r\n- hotel + sarapan\r\n- makan siang & malam\r\n- air mineral selama tour\r\n- lokal guide\r\n- private speed boat\r\n- private glass bottom trip 3 gili\r\n- peralatan snorkeling & life jacket', '2 s/d 3'),
(74, 'Paket 74', '4067000', '5 hari', 'Day 1 : airport - desa tenun sukarara - desa tradisional sade - pantai kuta Lombok - pantai tanjung an - bukit merese - pantai mawun\r\nDay 2 : bukit setangi (vila hantu) - bukit malimbu - bukit malaka - gili trawangan , meno dan air (snorkeling)\r\nDay 3 : pusuk monkey forrest - air terjun sendang gila - air terjun tiu kelep - masjid kuno bayan\r\nDay 4 : pantai segui - gili petelu (snorkeling) - pantai semangkok(snorkeling) - pantai tangsi/pink - gili pasir\r\nDay 5 : pusat oleh-oleh Lombok - islamic centre mataram - pura lingsar - taman narmada - desa gerabah banyumulek - airport', '3', '- mobil + driver + bbm\r\n- hotel + sarapan\r\n- makan siang & malam\r\n- air mineral selama tour\r\n- lokal guide\r\n- private speed boat\r\n- private glass bottom trip 3 gili\r\n- peralatan snorkeling & life jacket', '2 s/d 3'),
(75, 'Paket 75', '4475000', '5 hari', 'Day 1 : airport - desa tenun sukarara - desa tradisional sade - pantai kuta Lombok - pantai tanjung an - bukit merese - pantai mawun\r\nDay 2 : bukit setangi (vila hantu) - bukit malimbu - bukit malaka - gili trawangan , meno dan air (snorkeling)\r\nDay 3 : pusuk monkey forrest - air terjun sendang gila - air terjun tiu kelep - masjid kuno bayan\r\nDay 4 : pantai segui - gili petelu (snorkeling) - pantai semangkok(snorkeling) - pantai tangsi/pink - gili pasir\r\nDay 5 : pusat oleh-oleh Lombok - islamic centre mataram - pura lingsar - taman narmada - desa gerabah banyumulek - airport', '4', '- mobil + driver + bbm\r\n- hotel + sarapan\r\n- makan siang & malam\r\n- air mineral selama tour\r\n- lokal guide\r\n- private speed boat\r\n- private glass bottom trip 3 gili\r\n- peralatan snorkeling & life jacket', '2 s/d 3'),
(76, 'Paket 76', '5691000', '5 hari', 'Day 1 : airport - desa tenun sukarara - desa tradisional sade - pantai kuta Lombok - pantai tanjung an - bukit merese - pantai mawun\r\nDay 2 : bukit setangi (vila hantu) - bukit malimbu - bukit malaka - gili trawangan , meno dan air (snorkeling)\r\nDay 3 : pusuk monkey forrest - air terjun sendang gila - air terjun tiu kelep - masjid kuno bayan\r\nDay 4 : pantai segui - gili petelu (snorkeling) - pantai semangkok(snorkeling) - pantai tangsi/pink - gili pasir\r\nDay 5 : pusat oleh-oleh Lombok - islamic centre mataram - pura lingsar - taman narmada - desa gerabah banyumulek - airport', '5', '- mobil + driver + bbm\r\n- hotel + sarapan\r\n- makan siang & malam\r\n- air mineral selama tour\r\n- lokal guide\r\n- private speed boat\r\n- private glass bottom trip 3 gili\r\n- peralatan snorkeling & life jacket', '2 s/d 3'),
(77, 'Paket 77', '2515000', '5 hari', 'Day 1 : airport - desa tenun sukarara - desa tradisional sade - pantai kuta Lombok - pantai tanjung an - bukit merese - pantai mawun\r\nDay 2 : bukit setangi (vila hantu) - bukit malimbu - bukit malaka - gili trawangan , meno dan air (snorkeling)\r\nDay 3 : pusuk monkey forrest - air terjun sendang gila - air terjun tiu kelep - masjid kuno bayan\r\nDay 4 : pantai segui - gili petelu (snorkeling) - pantai semangkok(snorkeling) - pantai tangsi/pink - gili pasir\r\nDay 5 : pusat oleh-oleh Lombok - islamic centre mataram - pura lingsar - taman narmada - desa gerabah banyumulek - airport', '2', '- mobil + driver + bbm\r\n- hotel + sarapan\r\n- makan siang & malam\r\n- air mineral selama tour\r\n- lokal guide\r\n- private speed boat\r\n- private glass bottom trip 3 gili\r\n- peralatan snorkeling & life jacket', '4 s/d 5'),
(78, 'Paket 78', '2873000', '5 hari', 'Day 1 : airport - desa tenun sukarara - desa tradisional sade - pantai kuta Lombok - pantai tanjung an - bukit merese - pantai mawun\r\nDay 2 : bukit setangi (vila hantu) - bukit malimbu - bukit malaka - gili trawangan , meno dan air (snorkeling)\r\nDay 3 : pusuk monkey forrest - air terjun sendang gila - air terjun tiu kelep - masjid kuno bayan\r\nDay 4 : pantai segui - gili petelu (snorkeling) - pantai semangkok(snorkeling) - pantai tangsi/pink - gili pasir\r\nDay 5 : pusat oleh-oleh Lombok - islamic centre mataram - pura lingsar - taman narmada - desa gerabah banyumulek - airport', '3', '- mobil + driver + bbm\r\n- hotel + sarapan\r\n- makan siang & malam\r\n- air mineral selama tour\r\n- lokal guide\r\n- private speed boat\r\n- private glass bottom trip 3 gili\r\n- peralatan snorkeling & life jacket', '4 s/d 5'),
(79, 'Paket 79', '3282000', '5 hari', 'Day 1 : airport - desa tenun sukarara - desa tradisional sade - pantai kuta Lombok - pantai tanjung an - bukit merese - pantai mawun\r\nDay 2 : bukit setangi (vila hantu) - bukit malimbu - bukit malaka - gili trawangan , meno dan air (snorkeling)\r\nDay 3 : pusuk monkey forrest - air terjun sendang gila - air terjun tiu kelep - masjid kuno bayan\r\nDay 4 : pantai segui - gili petelu (snorkeling) - pantai semangkok(snorkeling) - pantai tangsi/pink - gili pasir\r\nDay 5 : pusat oleh-oleh Lombok - islamic centre mataram - pura lingsar - taman narmada - desa gerabah banyumulek - airport', '4', '- mobil + driver + bbm\r\n- hotel + sarapan\r\n- makan siang & malam\r\n- air mineral selama tour\r\n- lokal guide\r\n- private speed boat\r\n- private glass bottom trip 3 gili\r\n- peralatan snorkeling & life jacket', '4 s/d 5'),
(80, 'Paket 80', '4506000', '5 hari', 'Day 1 : airport - desa tenun sukarara - desa tradisional sade - pantai kuta Lombok - pantai tanjung an - bukit merese - pantai mawun\r\nDay 2 : bukit setangi (vila hantu) - bukit malimbu - bukit malaka - gili trawangan , meno dan air (snorkeling)\r\nDay 3 : pusuk monkey forrest - air terjun sendang gila - air terjun tiu kelep - masjid kuno bayan\r\nDay 4 : pantai segui - gili petelu (snorkeling) - pantai semangkok(snorkeling) - pantai tangsi/pink - gili pasir\r\nDay 5 : pusat oleh-oleh Lombok - islamic centre mataram - pura lingsar - taman narmada - desa gerabah banyumulek - airport', '5', '- mobil + driver + bbm\r\n- hotel + sarapan\r\n- makan siang & malam\r\n- air mineral selama tour\r\n- lokal guide\r\n- private speed boat\r\n- private glass bottom trip 3 gili\r\n- peralatan snorkeling & life jacket', '4 s/d 5'),
(81, 'Paket 81', '2311000', '5 hari', 'Day 1 : airport - desa tenun sukarara - desa tradisional sade - pantai kuta Lombok - pantai tanjung an - bukit merese - pantai mawun\r\nDay 2 : bukit setangi (vila hantu) - bukit malimbu - bukit malaka - gili trawangan , meno dan air (snorkeling)\r\nDay 3 : pusuk monkey forrest - air terjun sendang gila - air terjun tiu kelep - masjid kuno bayan\r\nDay 4 : pantai segui - gili petelu (snorkeling) - pantai semangkok(snorkeling) - pantai tangsi/pink - gili pasir\r\nDay 5 : pusat oleh-oleh Lombok - islamic centre mataram - pura lingsar - taman narmada - desa gerabah banyumulek - airport', '2', '- mobil + driver + bbm\r\n- hotel + sarapan\r\n- makan siang & malam\r\n- air mineral selama tour\r\n- lokal guide\r\n- private speed boat\r\n- private glass bottom trip 3 gili\r\n- peralatan snorkeling & life jacket', '6 s/d 10'),
(82, 'Paket 82', '2676000', '5 hari', 'Day 1 : airport - desa tenun sukarara - desa tradisional sade - pantai kuta Lombok - pantai tanjung an - bukit merese - pantai mawun\r\nDay 2 : bukit setangi (vila hantu) - bukit malimbu - bukit malaka - gili trawangan , meno dan air (snorkeling)\r\nDay 3 : pusuk monkey forrest - air terjun sendang gila - air terjun tiu kelep - masjid kuno bayan\r\nDay 4 : pantai segui - gili petelu (snorkeling) - pantai semangkok(snorkeling) - pantai tangsi/pink - gili pasir\r\nDay 5 : pusat oleh-oleh Lombok - islamic centre mataram - pura lingsar - taman narmada - desa gerabah banyumulek - airport', '3', '- mobil + driver + bbm\r\n- hotel + sarapan\r\n- makan siang & malam\r\n- air mineral selama tour\r\n- lokal guide\r\n- private speed boat\r\n- private glass bottom trip 3 gili\r\n- peralatan snorkeling & life jacket', '6 s/d 10'),
(83, 'Paket 83', '3074000', '5 hari', 'Day 1 : airport - desa tenun sukarara - desa tradisional sade - pantai kuta Lombok - pantai tanjung an - bukit merese - pantai mawun\r\nDay 2 : bukit setangi (vila hantu) - bukit malimbu - bukit malaka - gili trawangan , meno dan air (snorkeling)\r\nDay 3 : pusuk monkey forrest - air terjun sendang gila - air terjun tiu kelep - masjid kuno bayan\r\nDay 4 : pantai segui - gili petelu (snorkeling) - pantai semangkok(snorkeling) - pantai tangsi/pink - gili pasir\r\nDay 5 : pusat oleh-oleh Lombok - islamic centre mataram - pura lingsar - taman narmada - desa gerabah banyumulek - airport', '4', '- mobil + driver + bbm\r\n- hotel + sarapan\r\n- makan siang & malam\r\n- air mineral selama tour\r\n- lokal guide\r\n- private speed boat\r\n- private glass bottom trip 3 gili\r\n- peralatan snorkeling & life jacket', '6 s/d 10'),
(84, 'Paket 84', '4304000', '5 hari', 'Day 1 : airport - desa tenun sukarara - desa tradisional sade - pantai kuta Lombok - pantai tanjung an - bukit merese - pantai mawun\r\nDay 2 : bukit setangi (vila hantu) - bukit malimbu - bukit malaka - gili trawangan , meno dan air (snorkeling)\r\nDay 3 : pusuk monkey forrest - air terjun sendang gila - air terjun tiu kelep - masjid kuno bayan\r\nDay 4 : pantai segui - gili petelu (snorkeling) - pantai semangkok(snorkeling) - pantai tangsi/pink - gili pasir\r\nDay 5 : pusat oleh-oleh Lombok - islamic centre mataram - pura lingsar - taman narmada - desa gerabah banyumulek - airport', '5', '- mobil + driver + bbm\r\n- hotel + sarapan\r\n- makan siang & malam\r\n- air mineral selama tour\r\n- lokal guide\r\n- private speed boat\r\n- private glass bottom trip 3 gili\r\n- peralatan snorkeling & life jacket', '6 s/d 10'),
(85, 'Paket 85', '2113000', '5 hari', 'Day 1 : airport - desa tenun sukarara - desa tradisional sade - pantai kuta Lombok - pantai tanjung an - bukit merese - pantai mawun\r\nDay 2 : bukit setangi (vila hantu) - bukit malimbu - bukit malaka - gili trawangan , meno dan air (snorkeling)\r\nDay 3 : pusuk monkey forrest - air terjun sendang gila - air terjun tiu kelep - masjid kuno bayan\r\nDay 4 : pantai segui - gili petelu (snorkeling) - pantai semangkok(snorkeling) - pantai tangsi/pink - gili pasir\r\nDay 5 : pusat oleh-oleh Lombok - islamic centre mataram - pura lingsar - taman narmada - desa gerabah banyumulek - airport', '2', '- mobil + driver + bbm\r\n- hotel + sarapan\r\n- makan siang & malam\r\n- air mineral selama tour\r\n- lokal guide\r\n- private speed boat\r\n- private glass bottom trip 3 gili\r\n- peralatan snorkeling & life jacket', '11 s/d 15'),
(86, 'Paket 86', '2473000', '5 hari', 'Day 1 : airport - desa tenun sukarara - desa tradisional sade - pantai kuta Lombok - pantai tanjung an - bukit merese - pantai mawun\r\nDay 2 : bukit setangi (vila hantu) - bukit malimbu - bukit malaka - gili trawangan , meno dan air (snorkeling)\r\nDay 3 : pusuk monkey forrest - air terjun sendang gila - air terjun tiu kelep - masjid kuno bayan\r\nDay 4 : pantai segui - gili petelu (snorkeling) - pantai semangkok(snorkeling) - pantai tangsi/pink - gili pasir\r\nDay 5 : pusat oleh-oleh Lombok - islamic centre mataram - pura lingsar - taman narmada - desa gerabah banyumulek - airport', '3', '- mobil + driver + bbm\r\n- hotel + sarapan\r\n- makan siang & malam\r\n- air mineral selama tour\r\n- lokal guide\r\n- private speed boat\r\n- private glass bottom trip 3 gili\r\n- peralatan snorkeling & life jacket', '11 s/d 15'),
(87, 'Paket 87', '2885000', '5 hari', 'Day 1 : airport - desa tenun sukarara - desa tradisional sade - pantai kuta Lombok - pantai tanjung an - bukit merese - pantai mawun\r\nDay 2 : bukit setangi (vila hantu) - bukit malimbu - bukit malaka - gili trawangan , meno dan air (snorkeling)\r\nDay 3 : pusuk monkey forrest - air terjun sendang gila - air terjun tiu kelep - masjid kuno bayan\r\nDay 4 : pantai segui - gili petelu (snorkeling) - pantai semangkok(snorkeling) - pantai tangsi/pink - gili pasir\r\nDay 5 : pusat oleh-oleh Lombok - islamic centre mataram - pura lingsar - taman narmada - desa gerabah banyumulek - airport', '4', '- mobil + driver + bbm\r\n- hotel + sarapan\r\n- makan siang & malam\r\n- air mineral selama tour\r\n- lokal guide\r\n- private speed boat\r\n- private glass bottom trip 3 gili\r\n- peralatan snorkeling & life jacket', '11 s/d 15'),
(88, 'Paket 88', '4109000', '5 hari', 'Day 1 : airport - desa tenun sukarara - desa tradisional sade - pantai kuta Lombok - pantai tanjung an - bukit merese - pantai mawun\r\nDay 2 : bukit setangi (vila hantu) - bukit malimbu - bukit malaka - gili trawangan , meno dan air (snorkeling)\r\nDay 3 : pusuk monkey forrest - air terjun sendang gila - air terjun tiu kelep - masjid kuno bayan\r\nDay 4 : pantai segui - gili petelu (snorkeling) - pantai semangkok(snorkeling) - pantai tangsi/pink - gili pasir\r\nDay 5 : pusat oleh-oleh Lombok - islamic centre mataram - pura lingsar - taman narmada - desa gerabah banyumulek - airport', '5', '- mobil + driver + bbm\r\n- hotel + sarapan\r\n- makan siang & malam\r\n- air mineral selama tour\r\n- lokal guide\r\n- private speed boat\r\n- private glass bottom trip 3 gili\r\n- peralatan snorkeling & life jacket', '11 s/d 15'),
(89, 'Paket 89', '2023000', '5 hari', 'Day 1 : airport - desa tenun sukarara - desa tradisional sade - pantai kuta Lombok - pantai tanjung an - bukit merese - pantai mawun\r\nDay 2 : bukit setangi (vila hantu) - bukit malimbu - bukit malaka - gili trawangan , meno dan air (snorkeling)\r\nDay 3 : pusuk monkey forrest - air terjun sendang gila - air terjun tiu kelep - masjid kuno bayan\r\nDay 4 : pantai segui - gili petelu (snorkeling) - pantai semangkok(snorkeling) - pantai tangsi/pink - gili pasir\r\nDay 5 : pusat oleh-oleh Lombok - islamic centre mataram - pura lingsar - taman narmada - desa gerabah banyumulek - airport', '2', '- mobil + driver + bbm\r\n- hotel + sarapan\r\n- makan siang & malam\r\n- air mineral selama tour\r\n- lokal guide\r\n- private speed boat\r\n- private glass bottom trip 3 gili\r\n- peralatan snorkeling & life jacket', '16 s/d 20'),
(90, 'Paket 90', '2379000', '5 hari', 'Day 1 : airport - desa tenun sukarara - desa tradisional sade - pantai kuta Lombok - pantai tanjung an - bukit merese - pantai mawun\r\nDay 2 : bukit setangi (vila hantu) - bukit malimbu - bukit malaka - gili trawangan , meno dan air (snorkeling)\r\nDay 3 : pusuk monkey forrest - air terjun sendang gila - air terjun tiu kelep - masjid kuno bayan\r\nDay 4 : pantai segui - gili petelu (snorkeling) - pantai semangkok(snorkeling) - pantai tangsi/pink - gili pasir\r\nDay 5 : pusat oleh-oleh Lombok - islamic centre mataram - pura lingsar - taman narmada - desa gerabah banyumulek - airport', '3', '- mobil + driver + bbm\r\n- hotel + sarapan\r\n- makan siang & malam\r\n- air mineral selama tour\r\n- lokal guide\r\n- private speed boat\r\n- private glass bottom trip 3 gili\r\n- peralatan snorkeling & life jacket', '16 s/d 20'),
(91, 'Paket 91', '2788000', '5 hari', 'Day 1 : airport - desa tenun sukarara - desa tradisional sade - pantai kuta Lombok - pantai tanjung an - bukit merese - pantai mawun\r\nDay 2 : bukit setangi (vila hantu) - bukit malimbu - bukit malaka - gili trawangan , meno dan air (snorkeling)\r\nDay 3 : pusuk monkey forrest - air terjun sendang gila - air terjun tiu kelep - masjid kuno bayan\r\nDay 4 : pantai segui - gili petelu (snorkeling) - pantai semangkok(snorkeling) - pantai tangsi/pink - gili pasir\r\nDay 5 : pusat oleh-oleh Lombok - islamic centre mataram - pura lingsar - taman narmada - desa gerabah banyumulek - airport', '4', '- mobil + driver + bbm\r\n- hotel + sarapan\r\n- makan siang & malam\r\n- air mineral selama tour\r\n- lokal guide\r\n- private speed boat\r\n- private glass bottom trip 3 gili\r\n- peralatan snorkeling & life jacket', '16 s/d 20'),
(92, 'Paket 92', '4012000', '5 hari', 'Day 1 : airport - desa tenun sukarara - desa tradisional sade - pantai kuta Lombok - pantai tanjung an - bukit merese - pantai mawun\r\nDay 2 : bukit setangi (vila hantu) - bukit malimbu - bukit malaka - gili trawangan , meno dan air (snorkeling)\r\nDay 3 : pusuk monkey forrest - air terjun sendang gila - air terjun tiu kelep - masjid kuno bayan\r\nDay 4 : pantai segui - gili petelu (snorkeling) - pantai semangkok(snorkeling) - pantai tangsi/pink - gili pasir\r\nDay 5 : pusat oleh-oleh Lombok - islamic centre mataram - pura lingsar - taman narmada - desa gerabah banyumulek - airport', '5', '- mobil + driver + bbm\r\n- hotel + sarapan\r\n- makan siang & malam\r\n- air mineral selama tour\r\n- lokal guide\r\n- private speed boat\r\n- private glass bottom trip 3 gili\r\n- peralatan snorkeling & life jacket', '16 s/d 20'),
(93, 'Paket 93', '1985000', '5 hari', 'Day 1 : airport - desa tenun sukarara - desa tradisional sade - pantai kuta Lombok - pantai tanjung an - bukit merese - pantai mawun\r\nDay 2 : bukit setangi (vila hantu) - bukit malimbu - bukit malaka - gili trawangan , meno dan air (snorkeling)\r\nDay 3 : pusuk monkey forrest - air terjun sendang gila - air terjun tiu kelep - masjid kuno bayan\r\nDay 4 : pantai segui - gili petelu (snorkeling) - pantai semangkok(snorkeling) - pantai tangsi/pink - gili pasir\r\nDay 5 : pusat oleh-oleh Lombok - islamic centre mataram - pura lingsar - taman narmada - desa gerabah banyumulek - airport', '2', '- mobil + driver + bbm\r\n- hotel + sarapan\r\n- makan siang & malam\r\n- air mineral selama tour\r\n- lokal guide\r\n- private speed boat\r\n- private glass bottom trip 3 gili\r\n- peralatan snorkeling & life jacket', '21 s/d 40'),
(94, 'Paket 94', '2342000', '5 hari', 'Day 1 : airport - desa tenun sukarara - desa tradisional sade - pantai kuta Lombok - pantai tanjung an - bukit merese - pantai mawun\r\nDay 2 : bukit setangi (vila hantu) - bukit malimbu - bukit malaka - gili trawangan , meno dan air (snorkeling)\r\nDay 3 : pusuk monkey forrest - air terjun sendang gila - air terjun tiu kelep - masjid kuno bayan\r\nDay 4 : pantai segui - gili petelu (snorkeling) - pantai semangkok(snorkeling) - pantai tangsi/pink - gili pasir\r\nDay 5 : pusat oleh-oleh Lombok - islamic centre mataram - pura lingsar - taman narmada - desa gerabah banyumulek - airport', '3', '- mobil + driver + bbm\r\n- hotel + sarapan\r\n- makan siang & malam\r\n- air mineral selama tour\r\n- lokal guide\r\n- private speed boat\r\n- private glass bottom trip 3 gili\r\n- peralatan snorkeling & life jacket', '21 s/d 40'),
(95, 'Paket 95', '2753000', '5 hari', 'Day 1 : airport - desa tenun sukarara - desa tradisional sade - pantai kuta Lombok - pantai tanjung an - bukit merese - pantai mawun\r\nDay 2 : bukit setangi (vila hantu) - bukit malimbu - bukit malaka - gili trawangan , meno dan air (snorkeling)\r\nDay 3 : pusuk monkey forrest - air terjun sendang gila - air terjun tiu kelep - masjid kuno bayan\r\nDay 4 : pantai segui - gili petelu (snorkeling) - pantai semangkok(snorkeling) - pantai tangsi/pink - gili pasir\r\nDay 5 : pusat oleh-oleh Lombok - islamic centre mataram - pura lingsar - taman narmada - desa gerabah banyumulek - airport', '4', '- mobil + driver + bbm\r\n- hotel + sarapan\r\n- makan siang & malam\r\n- air mineral selama tour\r\n- lokal guide\r\n- private speed boat\r\n- private glass bottom trip 3 gili\r\n- peralatan snorkeling & life jacket', '21 s/d 40'),
(96, 'Paket 96', '3976000', '5 hari', 'Day 1 : airport - desa tenun sukarara - desa tradisional sade - pantai kuta Lombok - pantai tanjung an - bukit merese - pantai mawun\r\nDay 2 : bukit setangi (vila hantu) - bukit malimbu - bukit malaka - gili trawangan , meno dan air (snorkeling)\r\nDay 3 : pusuk monkey forrest - air terjun sendang gila - air terjun tiu kelep - masjid kuno bayan\r\nDay 4 : pantai segui - gili petelu (snorkeling) - pantai semangkok(snorkeling) - pantai tangsi/pink - gili pasir\r\nDay 5 : pusat oleh-oleh Lombok - islamic centre mataram - pura lingsar - taman narmada - desa gerabah banyumulek - airport', '5', '- mobil + driver + bbm\r\n- hotel + sarapan\r\n- makan siang & malam\r\n- air mineral selama tour\r\n- lokal guide\r\n- private speed boat\r\n- private glass bottom trip 3 gili\r\n- peralatan snorkeling & life jacket', '21 s/d 40'),
(97, 'Paket 97', '1837000', '5 hari', 'Day 1 : airport - desa tenun sukarara - desa tradisional sade - pantai kuta Lombok - pantai tanjung an - bukit merese - pantai mawun\r\nDay 2 : bukit setangi (vila hantu) - bukit malimbu - bukit malaka - gili trawangan , meno dan air (snorkeling)\r\nDay 3 : pusuk monkey forrest - air terjun sendang gila - air terjun tiu kelep - masjid kuno bayan\r\nDay 4 : pantai segui - gili petelu (snorkeling) - pantai semangkok(snorkeling) - pantai tangsi/pink - gili pasir\r\nDay 5 : pusat oleh-oleh Lombok - islamic centre mataram - pura lingsar - taman narmada - desa gerabah banyumulek - airport', '2', '- mobil + driver + bbm\r\n- hotel + sarapan\r\n- makan siang & malam\r\n- air mineral selama tour\r\n- lokal guide\r\n- private speed boat\r\n- private glass bottom trip 3 gili\r\n- peralatan snorkeling & life jacket', '41 s/d 60'),
(98, 'Paket 98', '2198000', '5 hari', 'Day 1 : airport - desa tenun sukarara - desa tradisional sade - pantai kuta Lombok - pantai tanjung an - bukit merese - pantai mawun\r\nDay 2 : bukit setangi (vila hantu) - bukit malimbu - bukit malaka - gili trawangan , meno dan air (snorkeling)\r\nDay 3 : pusuk monkey forrest - air terjun sendang gila - air terjun tiu kelep - masjid kuno bayan\r\nDay 4 : pantai segui - gili petelu (snorkeling) - pantai semangkok(snorkeling) - pantai tangsi/pink - gili pasir\r\nDay 5 : pusat oleh-oleh Lombok - islamic centre mataram - pura lingsar - taman narmada - desa gerabah banyumulek - airport', '3', '- mobil + driver + bbm\r\n- hotel + sarapan\r\n- makan siang & malam\r\n- air mineral selama tour\r\n- lokal guide\r\n- private speed boat\r\n- private glass bottom trip 3 gili\r\n- peralatan snorkeling & life jacket', '41 s/d 60'),
(99, 'Paket 99', '2606000', '5 hari', 'Day 1 : airport - desa tenun sukarara - desa tradisional sade - pantai kuta Lombok - pantai tanjung an - bukit merese - pantai mawun\r\nDay 2 : bukit setangi (vila hantu) - bukit malimbu - bukit malaka - gili trawangan , meno dan air (snorkeling)\r\nDay 3 : pusuk monkey forrest - air terjun sendang gila - air terjun tiu kelep - masjid kuno bayan\r\nDay 4 : pantai segui - gili petelu (snorkeling) - pantai semangkok(snorkeling) - pantai tangsi/pink - gili pasir\r\nDay 5 : pusat oleh-oleh Lombok - islamic centre mataram - pura lingsar - taman narmada - desa gerabah banyumulek - airport', '4', '- mobil + driver + bbm\r\n- hotel + sarapan\r\n- makan siang & malam\r\n- air mineral selama tour\r\n- lokal guide\r\n- private speed boat\r\n- private glass bottom trip 3 gili\r\n- peralatan snorkeling & life jacket', '41 s/d 60'),
(100, 'Paket 100', '3825000', '5 hari', 'Day 1 : airport - desa tenun sukarara - desa tradisional sade - pantai kuta Lombok - pantai tanjung an - bukit merese - pantai mawun\r\nDay 2 : bukit setangi (vila hantu) - bukit malimbu - bukit malaka - gili trawangan , meno dan air (snorkeling)\r\nDay 3 : pusuk monkey forrest - air terjun sendang gila - air terjun tiu kelep - masjid kuno bayan\r\nDay 4 : pantai segui - gili petelu (snorkeling) - pantai semangkok(snorkeling) - pantai tangsi/pink - gili pasir\r\nDay 5 : pusat oleh-oleh Lombok - islamic centre mataram - pura lingsar - taman narmada - desa gerabah banyumulek - airport', '5', '- mobil + driver + bbm\r\n- hotel + sarapan\r\n- makan siang & malam\r\n- air mineral selama tour\r\n- lokal guide\r\n- private speed boat\r\n- private glass bottom trip 3 gili\r\n- peralatan snorkeling & life jacket', '41 s/d 60'),
(101, 'Paket 101', '1781000', '5 hari', 'Day 1 : airport - desa tenun sukarara - desa tradisional sade - pantai kuta Lombok - pantai tanjung an - bukit merese - pantai mawun\r\nDay 2 : bukit setangi (vila hantu) - bukit malimbu - bukit malaka - gili trawangan , meno dan air (snorkeling)\r\nDay 3 : pusuk monkey forrest - air terjun sendang gila - air terjun tiu kelep - masjid kuno bayan\r\nDay 4 : pantai segui - gili petelu (snorkeling) - pantai semangkok(snorkeling) - pantai tangsi/pink - gili pasir\r\nDay 5 : pusat oleh-oleh Lombok - islamic centre mataram - pura lingsar - taman narmada - desa gerabah banyumulek - airport', '2', '- mobil + driver + bbm\r\n- hotel + sarapan\r\n- makan siang & malam\r\n- air mineral selama tour\r\n- lokal guide\r\n- private speed boat\r\n- private glass bottom trip 3 gili\r\n- peralatan snorkeling & life jacket', '61 s/d 80'),
(102, 'Paket 102', '2143000', '5 hari', 'Day 1 : airport - desa tenun sukarara - desa tradisional sade - pantai kuta Lombok - pantai tanjung an - bukit merese - pantai mawun\r\nDay 2 : bukit setangi (vila hantu) - bukit malimbu - bukit malaka - gili trawangan , meno dan air (snorkeling)\r\nDay 3 : pusuk monkey forrest - air terjun sendang gila - air terjun tiu kelep - masjid kuno bayan\r\nDay 4 : pantai segui - gili petelu (snorkeling) - pantai semangkok(snorkeling) - pantai tangsi/pink - gili pasir\r\nDay 5 : pusat oleh-oleh Lombok - islamic centre mataram - pura lingsar - taman narmada - desa gerabah banyumulek - airport', '3', '- mobil + driver + bbm\r\n- hotel + sarapan\r\n- makan siang & malam\r\n- air mineral selama tour\r\n- lokal guide\r\n- private speed boat\r\n- private glass bottom trip 3 gili\r\n- peralatan snorkeling & life jacket', '61 s/d 80'),
(103, 'Paket 103', '2546000', '5 hari', 'Day 1 : airport - desa tenun sukarara - desa tradisional sade - pantai kuta Lombok - pantai tanjung an - bukit merese - pantai mawun\r\nDay 2 : bukit setangi (vila hantu) - bukit malimbu - bukit malaka - gili trawangan , meno dan air (snorkeling)\r\nDay 3 : pusuk monkey forrest - air terjun sendang gila - air terjun tiu kelep - masjid kuno bayan\r\nDay 4 : pantai segui - gili petelu (snorkeling) - pantai semangkok(snorkeling) - pantai tangsi/pink - gili pasir\r\nDay 5 : pusat oleh-oleh Lombok - islamic centre mataram - pura lingsar - taman narmada - desa gerabah banyumulek - airport', '4', '- mobil + driver + bbm\r\n- hotel + sarapan\r\n- makan siang & malam\r\n- air mineral selama tour\r\n- lokal guide\r\n- private speed boat\r\n- private glass bottom trip 3 gili\r\n- peralatan snorkeling & life jacket', '61 s/d 80'),
(104, 'Paket 104', '3774000', '5 hari', 'Day 1 : airport - desa tenun sukarara - desa tradisional sade - pantai kuta Lombok - pantai tanjung an - bukit merese - pantai mawun\r\nDay 2 : bukit setangi (vila hantu) - bukit malimbu - bukit malaka - gili trawangan , meno dan air (snorkeling)\r\nDay 3 : pusuk monkey forrest - air terjun sendang gila - air terjun tiu kelep - masjid kuno bayan\r\nDay 4 : pantai segui - gili petelu (snorkeling) - pantai semangkok(snorkeling) - pantai tangsi/pink - gili pasir\r\nDay 5 : pusat oleh-oleh Lombok - islamic centre mataram - pura lingsar - taman narmada - desa gerabah banyumulek - airport', '5', '- mobil + driver + bbm\r\n- hotel + sarapan\r\n- makan siang & malam\r\n- air mineral selama tour\r\n- lokal guide\r\n- private speed boat\r\n- private glass bottom trip 3 gili\r\n- peralatan snorkeling & life jacket', '61 s/d 80'),
(105, 'Paket 105', '1732000', '5 hari', 'Day 1 : airport - desa tenun sukarara - desa tradisional sade - pantai kuta Lombok - pantai tanjung an - bukit merese - pantai mawun\r\nDay 2 : bukit setangi (vila hantu) - bukit malimbu - bukit malaka - gili trawangan , meno dan air (snorkeling)\r\nDay 3 : pusuk monkey forrest - air terjun sendang gila - air terjun tiu kelep - masjid kuno bayan\r\nDay 4 : pantai segui - gili petelu (snorkeling) - pantai semangkok(snorkeling) - pantai tangsi/pink - gili pasir\r\nDay 5 : pusat oleh-oleh Lombok - islamic centre mataram - pura lingsar - taman narmada - desa gerabah banyumulek - airport', '2', '- mobil + driver + bbm\r\n- hotel + sarapan\r\n- makan siang & malam\r\n- air mineral selama tour\r\n- lokal guide\r\n- private speed boat\r\n- private glass bottom trip 3 gili\r\n- peralatan snorkeling & life jacket', '81 s/d 100'),
(106, 'Paket 106', '2091000', '5 hari', 'Day 1 : airport - desa tenun sukarara - desa tradisional sade - pantai kuta Lombok - pantai tanjung an - bukit merese - pantai mawun\r\nDay 2 : bukit setangi (vila hantu) - bukit malimbu - bukit malaka - gili trawangan , meno dan air (snorkeling)\r\nDay 3 : pusuk monkey forrest - air terjun sendang gila - air terjun tiu kelep - masjid kuno bayan\r\nDay 4 : pantai segui - gili petelu (snorkeling) - pantai semangkok(snorkeling) - pantai tangsi/pink - gili pasir\r\nDay 5 : pusat oleh-oleh Lombok - islamic centre mataram - pura lingsar - taman narmada - desa gerabah banyumulek - airport', '3', '- mobil + driver + bbm\r\n- hotel + sarapan\r\n- makan siang & malam\r\n- air mineral selama tour\r\n- lokal guide\r\n- private speed boat\r\n- private glass bottom trip 3 gili\r\n- peralatan snorkeling & life jacket', '81 s/d 100'),
(107, 'Paket 107', '2501000', '5 hari', 'Day 1 : airport - desa tenun sukarara - desa tradisional sade - pantai kuta Lombok - pantai tanjung an - bukit merese - pantai mawun\r\nDay 2 : bukit setangi (vila hantu) - bukit malimbu - bukit malaka - gili trawangan , meno dan air (snorkeling)\r\nDay 3 : pusuk monkey forrest - air terjun sendang gila - air terjun tiu kelep - masjid kuno bayan\r\nDay 4 : pantai segui - gili petelu (snorkeling) - pantai semangkok(snorkeling) - pantai tangsi/pink - gili pasir\r\nDay 5 : pusat oleh-oleh Lombok - islamic centre mataram - pura lingsar - taman narmada - desa gerabah banyumulek - airport', '4', '- mobil + driver + bbm\r\n- hotel + sarapan\r\n- makan siang & malam\r\n- air mineral selama tour\r\n- lokal guide\r\n- private speed boat\r\n- private glass bottom trip 3 gili\r\n- peralatan snorkeling & life jacket', '81 s/d 100'),
(108, 'Paket 108', '3728000', '5 hari', 'Day 1 : airport - desa tenun sukarara - desa tradisional sade - pantai kuta Lombok - pantai tanjung an - bukit merese - pantai mawun\r\nDay 2 : bukit setangi (vila hantu) - bukit malimbu - bukit malaka - gili trawangan , meno dan air (snorkeling)\r\nDay 3 : pusuk monkey forrest - air terjun sendang gila - air terjun tiu kelep - masjid kuno bayan\r\nDay 4 : pantai segui - gili petelu (snorkeling) - pantai semangkok(snorkeling) - pantai tangsi/pink - gili pasir\r\nDay 5 : pusat oleh-oleh Lombok - islamic centre mataram - pura lingsar - taman narmada - desa gerabah banyumulek - airport', '5', '- mobil + driver + bbm\r\n- hotel + sarapan\r\n- makan siang & malam\r\n- air mineral selama tour\r\n- lokal guide\r\n- private speed boat\r\n- private glass bottom trip 3 gili\r\n- peralatan snorkeling & life jacket', '81 s/d 100');

-- --------------------------------------------------------

--
-- Table structure for table `pekerjaan`
--

CREATE TABLE `pekerjaan` (
  `id_pekerjaan` int(11) NOT NULL,
  `jenis_pekerjaan` varchar(50) COLLATE utf8_bin NOT NULL
) ENGINE=InnoDB DEFAULT CHARSET=utf8 COLLATE=utf8_bin;

--
-- Dumping data for table `pekerjaan`
--

INSERT INTO `pekerjaan` (`id_pekerjaan`, `jenis_pekerjaan`) VALUES
(1, 'pelajar/mahasiswa'),
(2, 'pns/polisi/tni'),
(3, 'karyawan swasta'),
(4, 'wiraswasta');

-- --------------------------------------------------------

--
-- Table structure for table `pengguna`
--

CREATE TABLE `pengguna` (
  `id_pengguna` int(11) NOT NULL,
  `id_pekerjaan` int(11) NOT NULL,
  `nama` varchar(50) COLLATE utf8_bin NOT NULL,
  `email` varchar(40) COLLATE utf8_bin NOT NULL,
  `password` varchar(40) COLLATE utf8_bin NOT NULL,
  `no_hp` varchar(12) COLLATE utf8_bin NOT NULL,
  `jenis_kelamin` enum('perempuan','laki-laki','','') COLLATE utf8_bin NOT NULL,
  `usia` varchar(2) COLLATE utf8_bin NOT NULL,
  `range_usia` varchar(12) COLLATE utf8_bin NOT NULL
) ENGINE=InnoDB DEFAULT CHARSET=utf8 COLLATE=utf8_bin;

--
-- Dumping data for table `pengguna`
--

INSERT INTO `pengguna` (`id_pengguna`, `id_pekerjaan`, `nama`, `email`, `password`, `no_hp`, `jenis_kelamin`, `usia`, `range_usia`) VALUES
(1, 1, 'Dini', 'diniprastuti@gmail.com', '8b097b8a86f9d6a991357d40d3d58634', '8123456789', 'perempuan', '28', '26 s/d 35'),
(2, 1, 'Kadek Sasmita', 'kadek.sasmita@gmail.com', '8b097b8a86f9d6a991357d40d3d58634', '81256789321', 'perempuan', '21', '16 s/d 25'),
(3, 1, 'Hanggapati', 'hanggapati@gmail.com', '8b097b8a86f9d6a991357d40d3d58634', '82674829475', 'laki-laki', '26', '26 s/d 35'),
(4, 3, 'Medina', 'medina@gmail.com', '8b097b8a86f9d6a991357d40d3d58634', '81647384958', 'perempuan', '27', '26 s/d 35'),
(5, 1, 'Farras', 'far.ras@gmail.com', '8b097b8a86f9d6a991357d40d3d58634', '8124567843', 'laki-laki', '19', '16 s/d 25'),
(6, 1, 'Binawan', 'binawan@gmail.com', '8b097b8a86f9d6a991357d40d3d58634', '83738284638', 'laki-laki', '18', '16 s/d 25'),
(7, 1, 'Tasya', 'Tasyakamila@gmail.com', '8b097b8a86f9d6a991357d40d3d58634', '81227784732', 'perempuan', '23', '16 s/d 25'),
(8, 3, 'Fauzi', 'fauzi07@gmail.com', '8b097b8a86f9d6a991357d40d3d58634', '8124827492', 'laki-laki', '29', '26 s/d 35'),
(9, 3, 'Fitriani', 'fitriani@gmail.com', '8b097b8a86f9d6a991357d40d3d58634', '81237463936', 'perempuan', '30', '26 s/d 35'),
(10, 4, 'Muh Yasmin', 'muh_yasmin@gmail.com', '8b097b8a86f9d6a991357d40d3d58634', '8123859473', 'laki-laki', '38', '> 35'),
(28, 1, 'Margaretha K', 'margaretha@gmail.com', '8b097b8a86f9d6a991357d40d3d58634', '87463736482', 'perempuan', '20', '16 s/d 25'),
(29, 1, 'James L', 'james.l@gmail.com', '8b097b8a86f9d6a991357d40d3d58634', '8643624300', 'laki-laki', '21', '16 s/d 25'),
(30, 3, 'Rendy', 'rendy@gmail.com', '8b097b8a86f9d6a991357d40d3d58634', '8100392834', 'laki-laki', '27', '26 s/d 35'),
(31, 1, 'Nina P W', 'nina.pw@gmail.com', '8b097b8a86f9d6a991357d40d3d58634', '876362536', 'perempuan', '22', '16 s/d 25'),
(32, 1, 'Devi', 'devi@gmail.com', '8b097b8a86f9d6a991357d40d3d58634', '82746374683', 'perempuan', '18', '16 s/d 25'),
(33, 4, 'Izzah Adil', 'izzah.adil@gmail.com', '8b097b8a86f9d6a991357d40d3d58634', '8753523100', 'perempuan', '30', '26 s/d 35'),
(34, 1, 'Sista', 'sista@gmail.com', '8b097b8a86f9d6a991357d40d3d58634', '8123849472', 'laki-laki', '24', '16 s/d 25'),
(35, 1, 'Candrika', 'candrika@gmail.com', '8b097b8a86f9d6a991357d40d3d58634', '81737482742', 'perempuan', '25', '16 s/d 25'),
(36, 2, 'Slamet Rahardjo', 'slamet.rahardjo@gmail.com', '8b097b8a86f9d6a991357d40d3d58634', '8763546253', 'laki-laki', '52', '>35'),
(37, 1, 'Lidya D', 'lidya.d@gmail.com', '8b097b8a86f9d6a991357d40d3d58634', '08124857839', 'perempuan', '23', '16 s/d 25'),
(38, 4, 'Ryan', 'ryan@gmail.com', '8b097b8a86f9d6a991357d40d3d58634', '08132538329', 'laki-laki', '29', '26 s/d 35'),
(39, 3, 'Mariza Sari', 'Mariza.sari@gmail.com', '8b097b8a86f9d6a991357d40d3d58634', '8143735220', 'perempuan', '25', '16 s/d 25'),
(40, 1, 'Joko Bernard', 'joko.bernard@gmail.com', '8b097b8a86f9d6a991357d40d3d58634', '81435725338', 'laki-laki', '24', '16 s/d 25'),
(41, 1, 'Gina R', 'gina.r@gmail.com', '8b097b8a86f9d6a991357d40d3d58634', '8361638242', 'perempuan', '23', '16 s/d 25'),
(42, 1, 'Siti Azizah', 'siti.azizah@gmail.com', '8b097b8a86f9d6a991357d40d3d58634', '83735374673', 'perempuan', '24', '16 s/d 25'),
(43, 3, 'Resti A', 'resti.a@gmail.com', '8b097b8a86f9d6a991357d40d3d58634', '81437352731', 'perempuan', '24', '16 s/d 25'),
(44, 1, 'Intan R', 'intan.r@gmail.com', '8b097b8a86f9d6a991357d40d3d58634', '81284028403', 'perempuan', '25', '16 s/d 25'),
(45, 3, 'Rani Dira', 'Rani@gmail.com', '8b097b8a86f9d6a991357d40d3d58634', '8193048203', 'perempuan', '27', '26 s/d 35'),
(46, 3, 'Pratama Satrio', 'pratama.satrio@gmail.com', '8b097b8a86f9d6a991357d40d3d58634', '8136746284', 'laki-laki', '28', '26 s/d 35'),
(47, 1, 'Yoni Kusuma', 'yoni.k@gmail.com', '8b097b8a86f9d6a991357d40d3d58634', '8163527393', 'laki-laki', '22', '16 s/d 25'),
(48, 3, 'Kamila Sinta', 'kamila.sinta@gmail.com', '8b097b8a86f9d6a991357d40d3d58634', '08173846823', 'perempuan', '26', '26 s/d 35'),
(49, 1, 'Safira Irmania', 'Safira.i@gmail.com', '8b097b8a86f9d6a991357d40d3d58634', '816372323', 'perempuan', '25', '16 s/d 25'),
(50, 1, 'Rahmat Fatur', 'rahmatfatur@gmail.com', '8b097b8a86f9d6a991357d40d3d58634', '8173725472', 'laki-laki', '19', '16 s/d 25'),
(51, 3, 'Alya H', 'alya.h@gmail.com', '8b097b8a86f9d6a991357d40d3d58634', '8163946294', 'perempuan', '25', '16 s/d 25'),
(52, 3, 'Dara Riska', 'dara.riska@gmail.com', '8b097b8a86f9d6a991357d40d3d58634', '8136383621', 'perempuan', '24', '16 s/d 25'),
(53, 1, 'Refma Gunarsyah', 'refmagn@gmail.com', '8b097b8a86f9d6a991357d40d3d58634', '81736425482', 'laki-laki', '22', '16 s/d 25'),
(54, 3, 'Fitriani M', 'fitrianim@gmail.com', '8b097b8a86f9d6a991357d40d3d58634', '817264726', 'perempuan', '26', '26 s/d 35'),
(55, 1, 'Aditya Putra', 'aditya_putri@gmail.com', '8b097b8a86f9d6a991357d40d3d58634', '8163527462', 'laki-laki', '23', '16 s/d 25'),
(56, 1, 'Jaka Sabrol', 'jaka@gmail.com', '8b097b8a86f9d6a991357d40d3d58634', '8123645232', 'laki-laki', '24', '16 s/d 25'),
(57, 1, 'Hilman Algifari', 'hilman.algifari@gmail.com', '8b097b8a86f9d6a991357d40d3d58634', '8163527452', 'laki-laki', '22', '16 s/d 25'),
(58, 1, 'Satria Habibyanto', 'satria.h@gmail.com', '8b097b8a86f9d6a991357d40d3d58634', '8173527542', 'laki-laki', '20', '16 s/d 25'),
(59, 1, 'Fagil Dwi Ananda', 'fagil.da@gmail.com', '8b097b8a86f9d6a991357d40d3d58634', '813745241', 'laki-laki', '21', '16 s/d 25'),
(60, 1, 'Imam Triyadi', 'imam.t@gmail.com', '8b097b8a86f9d6a991357d40d3d58634', '8173257252', 'laki-laki', '19', '16 s/d 25'),
(61, 1, 'Ashabil Qulub', 'ashabil.q@gmail.com', '8b097b8a86f9d6a991357d40d3d58634', '8176275422', 'laki-laki', '20', '16 s/d 25'),
(62, 1, 'Putri Hapsari', 'putri.h@gmail.com', '8b097b8a86f9d6a991357d40d3d58634', '8163825572', 'perempuan', '21', '16 s/d 25'),
(63, 1, 'Tarida Virnanda', 'tarida.v@gmail.com', '8b097b8a86f9d6a991357d40d3d58634', '8127572541', 'perempuan', '23', '16 s/d 25'),
(64, 1, 'Safan Yuda L', 'safan.yuda@gmail.com', '8b097b8a86f9d6a991357d40d3d58634', '817356254', 'laki-laki', '23', '16 s/d 25'),
(65, 1, 'Yundi Bakti', 'yundibakti@gmail.com', '8b097b8a86f9d6a991357d40d3d58634', '8163725262', 'laki-laki', '19', '16 s/d 25'),
(66, 3, 'Didit Rahmadi', 'didit.rahmadi@gmail.com', '8b097b8a86f9d6a991357d40d3d58634', '873642642', 'laki-laki', '25', '16 s/d 25'),
(67, 2, 'Hanum P', 'hanump@gmail.com', '8b097b8a86f9d6a991357d40d3d58634', '81236826482', 'perempuan', '28', '26 s/d 35'),
(68, 1, 'Alan Zamhir', 'zamhir.alan@gmail.com', '8b097b8a86f9d6a991357d40d3d58634', '817264672452', 'laki-laki', '22', '16 s/d 25'),
(69, 2, 'Fahrizal Amir', 'fahrizal.amir@gmail.com', '8b097b8a86f9d6a991357d40d3d58634', '8123136262', 'laki-laki', '30', '26 s/d 35'),
(70, 3, 'Medina Paramita', 'medina.paramita@gmail.com', '8b097b8a86f9d6a991357d40d3d58634', '8162564312', 'perempuan', '26', '26 s/d 35'),
(71, 3, 'Rahmat Farabby', 'rahmat.f@gmail.com', '8b097b8a86f9d6a991357d40d3d58634', '8163724211', 'laki-laki', '28', '26 s/d 35'),
(72, 4, 'Yulia Dewi', 'yulia.dewi@gmail.com', '8b097b8a86f9d6a991357d40d3d58634', '81635724462', 'perempuan', '27', '26 s/d 35'),
(73, 4, 'Arsyad Rukding', 'arsyad.r@gmail.com', '8b097b8a86f9d6a991357d40d3d58634', '8112635264', 'laki-laki', '26', '26 s/d 35'),
(74, 1, 'Faturahman', 'faturahman@gmail.com', '8b097b8a86f9d6a991357d40d3d58634', '8117245262', 'laki-laki', '22', '16 s/d 25'),
(75, 1, 'Magistra Avicenna', 'magistra@gmail.com', '8b097b8a86f9d6a991357d40d3d58634', '81124362537', 'laki-laki', '21', '16 s/d 25'),
(76, 4, 'Riezky Ramadhani', 'riezky.r@gmail.com', '8b097b8a86f9d6a991357d40d3d58634', '812321368', 'laki-laki', '27', '26 s/d 35');

-- --------------------------------------------------------

--
-- Table structure for table `riwayat`
--

CREATE TABLE `riwayat` (
  `id_riwayat` int(11) NOT NULL,
  `id_paket` int(11) NOT NULL,
  `id_pengguna` int(11) NOT NULL,
  `rencana_jumlah_orang` varchar(12) COLLATE utf8_bin NOT NULL,
  `rencana_hotel` char(1) COLLATE utf8_bin NOT NULL,
  `rencana_hari` char(6) COLLATE utf8_bin NOT NULL,
  `tanggal_pesan` date NOT NULL,
  `tanggal_paket` date NOT NULL,
  `status_pembayaran` enum('Lunas','Belum Lunas','','') COLLATE utf8_bin NOT NULL
) ENGINE=InnoDB DEFAULT CHARSET=utf8 COLLATE=utf8_bin;

--
-- Dumping data for table `riwayat`
--

INSERT INTO `riwayat` (`id_riwayat`, `id_paket`, `id_pengguna`, `rencana_jumlah_orang`, `rencana_hotel`, `rencana_hari`, `tanggal_pesan`, `tanggal_paket`, `status_pembayaran`) VALUES
(1, 1, 1, '2 s/d 3', '2', '3 hari', '2018-03-24', '2018-04-07', 'Belum Lunas'),
(2, 43, 2, '4 s/d 5', '4', '4 hari', '2018-03-20', '2018-04-03', 'Belum Lunas'),
(3, 41, 3, '4 s/d 5', '2', '4 hari', '2018-02-04', '2018-02-20', 'Lunas'),
(4, 42, 4, '4 s/d 5', '3', '4 hari', '2018-02-13', '2018-02-24', 'Belum Lunas'),
(5, 38, 5, '2 s/d 3', '3', '4 hari', '2018-03-28', '2018-03-31', 'Belum Lunas'),
(6, 1, 6, '2 s/d 3', '2', '3 hari', '2018-03-20', '2018-03-27', 'Belum Lunas'),
(7, 39, 7, '2 s/d 3', '4', '4 hari', '2018-03-18', '2018-03-21', 'Lunas'),
(8, 41, 8, '4 s/d 5', '2', '4 hari', '2018-03-15', '2018-03-17', 'Belum Lunas'),
(9, 83, 9, '6 s/d 10', '4', '5 hari', '2018-02-26', '2018-02-27', 'Belum Lunas'),
(10, 38, 10, '2 s/d 3', '3', '4 hari', '2018-03-04', '2018-03-20', 'Lunas'),
(59, 39, 28, '2 s/d 3', '4', '4 hari', '2017-08-03', '2017-08-24', 'Lunas'),
(60, 40, 29, '2 s/d 3', '5', '4 hari', '2017-09-01', '2017-09-21', 'Lunas'),
(61, 4, 30, '2 s/d 3', '5', '3 hari', '2017-09-08', '2017-09-29', 'Belum Lunas'),
(62, 6, 31, '4 s/d 5', '2', '3 hari', '2017-08-09', '2017-08-25', 'Lunas'),
(63, 7, 32, '4 s/d 5', '4', '3 hari', '2017-07-07', '2017-07-28', 'Lunas'),
(64, 37, 33, '2 s/d 3', '2', '4 hari', '2017-09-13', '2017-10-06', 'Lunas'),
(65, 12, 34, '6 s/d 10', '5', '3 hari', '2017-08-16', '2017-09-01', 'Lunas'),
(66, 3, 35, '2 s/d 3', '4', '3 hari', '2017-08-12', '2017-09-01', 'Lunas'),
(72, 43, 36, '4 s/d 5', '4', '4 hari', '2017-09-22', '2017-10-19', 'Lunas'),
(73, 43, 37, '4 s/d 5', '4', '4 hari', '2017-09-01', '2017-09-28', 'Belum Lunas'),
(74, 62, 38, '41 s/d 60', '3', '4 hari', '2017-04-13', '2017-05-11', 'Belum Lunas'),
(75, 2, 39, '2 s/d 3', '3', '3 hari', '2017-06-08', '2017-07-21', 'Belum Lunas'),
(76, 35, 40, '81 s/d 100', '4', '3 hari', '2017-08-02', '2017-09-29', 'Lunas'),
(77, 20, 41, '16 s/d 20', '5', '3 hari', '2017-09-01', '2017-10-13', 'Belum Lunas'),
(78, 46, 42, '6 s/d 10', '3', '4 hari', '2017-09-21', '2017-10-26', 'Belum Lunas'),
(79, 78, 43, '4 s/d 5', '3', '5 hari', '2017-05-03', '2017-07-04', 'Belum Lunas'),
(80, 74, 44, '2 s/d 3', '3', '5 hari', '2017-07-14', '2017-08-15', 'Lunas'),
(81, 45, 45, '6 s/d 10', '2', '4 hari', '2017-02-08', '2017-04-27', 'Lunas'),
(82, 73, 46, '2 s/d 3', '2', '5 hari', '2017-05-18', '2017-06-28', 'Lunas'),
(83, 81, 47, '6 s/d 10', '2', '5 hari', '2017-05-17', '2017-07-05', 'Lunas'),
(84, 39, 48, '2 s/d 3', '4', '4 hari', '2017-07-12', '2017-10-18', 'Belum Lunas'),
(85, 42, 49, '4 s/d 5', '3', '4 hari', '2017-09-05', '2017-10-26', 'Belum Lunas'),
(86, 74, 50, '2 s/d 3', '3', '5 hari', '2017-08-01', '2017-08-24', 'Belum Lunas'),
(87, 46, 51, '6 s/d 10', '3', '4 hari', '2017-08-11', '2017-09-14', 'Belum Lunas'),
(88, 3, 52, '2 s/d 3', '4', '3 hari', '2017-06-29', '2017-07-14', 'Belum Lunas'),
(89, 3, 53, '2 s/d 3', '4', '3 hari', '2017-05-25', '2017-07-21', 'Lunas'),
(90, 47, 54, '6 s/d 10', '4', '4 hari', '2017-09-05', '2017-10-19', 'Belum Lunas'),
(91, 74, 55, '2 s/d 3', '3', '5 hari', '2017-03-06', '2017-04-27', 'Belum Lunas'),
(92, 2, 56, '2 s/d 3', '3', '3 hari', '2017-03-02', '2017-04-28', 'Lunas'),
(93, 42, 57, '4 s/d 5', '3', '4 hari', '2017-07-31', '2017-08-31', 'Lunas'),
(94, 75, 58, '2 s/d 3', '4', '5 hari', '2017-08-03', '2017-10-25', 'Lunas'),
(95, 78, 59, '4 s/d 5', '3', '5 hari', '2017-08-01', '2017-10-04', 'Lunas'),
(96, 74, 60, '2 s/d 3', '3', '5 hari', '2017-06-28', '2017-07-12', 'Belum Lunas'),
(97, 39, 61, '2 s/d 3', '4', '4 hari', '2017-04-04', '2017-05-25', 'Lunas'),
(98, 39, 62, '2 s/d 3', '4', '4 hari', '2017-07-04', '2017-08-10', 'Lunas'),
(99, 78, 63, '4 s/d 5', '3', '5 hari', '2017-07-27', '2017-08-17', 'Lunas'),
(100, 74, 64, '2 s/d 3', '3', '5 hari', '2017-05-24', '2017-06-22', 'Lunas'),
(101, 3, 65, '2 s/d 3', '4', '3 hari', '2017-05-04', '2017-06-29', 'Lunas'),
(102, 39, 66, '2 s/d 3', '4', '4 hari', '2017-06-29', '2017-07-27', 'Lunas'),
(103, 78, 67, '4 s/d 5', '3', '5 hari', '2017-05-31', '2017-07-19', 'Lunas'),
(104, 81, 68, '6 s/d 10', '2', '5 hari', '2017-05-18', '2017-07-12', 'Belum Lunas'),
(105, 43, 69, '4 s/d 5', '4', '4 hari', '2017-01-26', '2017-02-09', 'Lunas'),
(106, 42, 70, '4 s/d 5', '3', '4 hari', '2017-07-26', '2017-08-17', 'Lunas'),
(107, 42, 71, '4 s/d 5', '3', '4 hari', '2017-02-22', '2017-03-23', 'Belum Lunas'),
(108, 6, 72, '4 s/d 5', '3', '3 hari', '2017-09-05', '2017-10-20', 'Belum Lunas'),
(109, 82, 73, '6 s/d 10', '3', '5 hari', '2017-02-15', '2017-03-22', 'Lunas'),
(110, 42, 74, '4 s/d 5', '3', '4 hari', '2017-07-26', '2017-08-15', 'Belum Lunas'),
(111, 78, 75, '4 s/d 5', '3', '5 hari', '2017-05-09', '2017-07-05', 'Lunas');

--
-- Indexes for dumped tables
--

--
-- Indexes for table `admin`
--
ALTER TABLE `admin`
  ADD PRIMARY KEY (`id_admin`);

--
-- Indexes for table `paket`
--
ALTER TABLE `paket`
  ADD PRIMARY KEY (`id_paket`);

--
-- Indexes for table `pekerjaan`
--
ALTER TABLE `pekerjaan`
  ADD PRIMARY KEY (`id_pekerjaan`);

--
-- Indexes for table `pengguna`
--
ALTER TABLE `pengguna`
  ADD PRIMARY KEY (`id_pengguna`),
  ADD KEY `id_pekerjaan` (`id_pekerjaan`);

--
-- Indexes for table `riwayat`
--
ALTER TABLE `riwayat`
  ADD PRIMARY KEY (`id_riwayat`),
  ADD KEY `id_paket` (`id_paket`,`id_pengguna`),
  ADD KEY `id_pengguna` (`id_pengguna`);

--
-- AUTO_INCREMENT for dumped tables
--

--
-- AUTO_INCREMENT for table `admin`
--
ALTER TABLE `admin`
  MODIFY `id_admin` int(11) NOT NULL AUTO_INCREMENT, AUTO_INCREMENT=2;

--
-- AUTO_INCREMENT for table `paket`
--
ALTER TABLE `paket`
  MODIFY `id_paket` int(11) NOT NULL AUTO_INCREMENT, AUTO_INCREMENT=109;

--
-- AUTO_INCREMENT for table `pekerjaan`
--
ALTER TABLE `pekerjaan`
  MODIFY `id_pekerjaan` int(11) NOT NULL AUTO_INCREMENT, AUTO_INCREMENT=5;

--
-- AUTO_INCREMENT for table `pengguna`
--
ALTER TABLE `pengguna`
  MODIFY `id_pengguna` int(11) NOT NULL AUTO_INCREMENT, AUTO_INCREMENT=82;

--
-- AUTO_INCREMENT for table `riwayat`
--
ALTER TABLE `riwayat`
  MODIFY `id_riwayat` int(11) NOT NULL AUTO_INCREMENT, AUTO_INCREMENT=126;

--
-- Constraints for dumped tables
--

--
-- Constraints for table `pengguna`
--
ALTER TABLE `pengguna`
  ADD CONSTRAINT `pengguna_ibfk_1` FOREIGN KEY (`id_pekerjaan`) REFERENCES `pekerjaan` (`id_pekerjaan`) ON DELETE NO ACTION ON UPDATE NO ACTION;

--
-- Constraints for table `riwayat`
--
ALTER TABLE `riwayat`
  ADD CONSTRAINT `riwayat_ibfk_1` FOREIGN KEY (`id_paket`) REFERENCES `paket` (`id_paket`) ON DELETE NO ACTION ON UPDATE NO ACTION,
  ADD CONSTRAINT `riwayat_ibfk_2` FOREIGN KEY (`id_pengguna`) REFERENCES `pengguna` (`id_pengguna`) ON DELETE NO ACTION ON UPDATE NO ACTION;
COMMIT;

/*!40101 SET CHARACTER_SET_CLIENT=@OLD_CHARACTER_SET_CLIENT */;
/*!40101 SET CHARACTER_SET_RESULTS=@OLD_CHARACTER_SET_RESULTS */;
/*!40101 SET COLLATION_CONNECTION=@OLD_COLLATION_CONNECTION */;
